channel_id,video_id,title,published_at,week,month,title_length,view_count,like_count,comment_count,engmt_rate,clean_title,engmt_h
UC_0Gls5n4NOo-aRYVayQf0w,Nu9eDBypHZ0,"LIFE LATELY | Home Updates, Baby Prep, Furniture Shopping, New Car?!",2024-11-24 14:48:47+00:00,2024-11-18,2024-11,68,10706.0,214.0,32.0,0.019988791331963386,life lately  home updates baby prep furniture shopping new car,0.03493368204745003
UC_0Gls5n4NOo-aRYVayQf0w,encjH578kbA,"MOVING VLOG EP:1 | Empty House Tour, Moving Day, Nursery Plans + more",2024-10-01 14:07:03+00:00,2024-09-30,2024-10,69,12912.0,366.0,34.0,0.028345724907063198,moving vlog ep1  empty house tour moving day nursery plans  more,0.04151177199504337
UC_0Gls5n4NOo-aRYVayQf0w,zPCu-EgiDRw,flew all the way to europe to tell them in person ü§ç,2024-07-17 18:30:44+00:00,2024-07-15,2024-07,51,10507.0,1496.0,21.0,0.14238126962977063,flew all the way to europe to tell them in person ,0.15237460740458741
UC_0Gls5n4NOo-aRYVayQf0w,cX-blR-kJPU,pregnant girl summer ü§∞,2024-07-17 18:28:32+00:00,2024-07-15,2024-07,22,1787.0,41.0,2.0,0.02294348069390039,pregnant girl summer ,0.028539451594851706
UC_0Gls5n4NOo-aRYVayQf0w,YKzXRGK9jAk,"we love you, baby ü§ç",2024-07-17 18:18:46+00:00,2024-07-15,2024-07,19,1940.0,84.0,7.0,0.04329896907216495,we love you baby ,0.06134020618556701
UC_0Gls5n4NOo-aRYVayQf0w,9frjgwl1Yz8,"LIFE LATELY ü§ç | At Home, Dyson Tutorial, Brand Events, Catch Up, Cooking etc.",2024-06-02 13:00:27+00:00,2024-05-27,2024-06,77,8357.0,192.0,16.0,0.022974751705157354,life lately   at home dyson tutorial brand events catch up cooking etc,0.032547564915639586
UC_0Gls5n4NOo-aRYVayQf0w,pBxYGjmSTCM,"LONDON VLOG üá¨üáßüíÇüèª‚Äç‚ôÄÔ∏èüíç | surprise engagement!!! shopping + food, meet Josh‚Äôs family‚Ä¶",2024-04-07 13:00:51+00:00,2024-04-01,2024-04,82,10919.0,242.0,13.0,0.022163201758402785,london vlog   surprise engagement shopping  food meet joshs family,0.028116127850535765
UC_0Gls5n4NOo-aRYVayQf0w,vL7tFQS3fWI,Silent GRWM ‚ù§Ô∏è,2024-02-23 18:05:22+00:00,2024-02-19,2024-02,14,947.0,30.0,0.0,0.03167898627243928,silent grwm ,0.03167898627243928
UC_0Gls5n4NOo-aRYVayQf0w,IuRKH7sMoRk,MY GO-TO LIP COMBO üëÑ,2024-02-23 18:00:48+00:00,2024-02-19,2024-02,20,2514.0,56.0,0.0,0.022275258552108195,my goto lip combo ,0.022275258552108195
UC_0Gls5n4NOo-aRYVayQf0w,jLINmJ7U6cM,What actually happens @ NYFW üçµ,2024-02-21 14:34:46+00:00,2024-02-19,2024-02,30,1727.0,50.0,1.0,0.02895193977996526,what actually happens  nyfw ,0.03184713375796178
UC_0Gls5n4NOo-aRYVayQf0w,ekTaM2ZteE4,"BIRTHDAY VLOG üéÇüç∏üé≤ | Bday Party BTS, Girls Weekend in Toronto, Date Night, etc.",2024-02-04 14:47:36+00:00,2024-01-29,2024-02,78,9276.0,221.0,21.0,0.02382492453643812,birthday vlog   bday party bts girls weekend in toronto date night etc,0.03514445881845623
UC_0Gls5n4NOo-aRYVayQf0w,dfxTtbqs6VI,"HAWAII VLOG üå∫ | staying @ the white lotus hotel hehe, turning 30, driving 10,000ft above the clouds",2024-01-21 14:02:39+00:00,2024-01-15,2024-01,99,15413.0,340.0,35.0,0.022059300590410693,hawaii vlog   staying  the white lotus hotel hehe turning 30 driving 10000ft above the clouds,0.03341335236488678
UC_0Gls5n4NOo-aRYVayQf0w,3KAV98INA8c,"A New York Minute | Weekend Getaway With Josh, Restaurant Reviews, etc.",2023-12-19 17:44:49+00:00,2023-12-18,2023-12,71,5359.0,155.0,19.0,0.02892330658704982,a new york minute  weekend getaway with josh restaurant reviews etc,0.04665049449524165
UC_0Gls5n4NOo-aRYVayQf0w,xoEYM9xqo4A,"TEL AVIV VLOG | Josh Takes Over The Vlog, Food Tour, Come Shop With Me",2023-08-28 12:29:14+00:00,2023-08-28,2023-08,70,7540.0,264.0,22.0,0.0350132625994695,tel aviv vlog  josh takes over the vlog food tour come shop with me,0.04960212201591512
UC_0Gls5n4NOo-aRYVayQf0w,D9E-xb2WT58,NYC VLOG | we did WHAT to see the Jonas Brothers...,2023-08-20 16:28:11+00:00,2023-08-14,2023-08,51,3532.0,130.0,6.0,0.03680634201585504,nyc vlog  we did what to see the jonas brothers,0.045300113250283124
UC_0Gls5n4NOo-aRYVayQf0w,YHjnJOnIDVg,Build My Capsule Wardrobe With Me,2023-06-19 16:01:02+00:00,2023-06-19,2023-06,33,2920.0,72.0,0.0,0.024657534246575342,build my capsule wardrobe with me,0.024657534246575342
UC_0Gls5n4NOo-aRYVayQf0w,gkL92bg1XFw,Outfits We Wore In Mallorca,2023-06-19 15:58:52+00:00,2023-06-19,2023-06,27,2646.0,67.0,0.0,0.025321239606953892,outfits we wore in mallorca,0.025321239606953892
UC_0Gls5n4NOo-aRYVayQf0w,Lot9_39Vpns,WE MOVED TO LA?!,2023-05-28 18:53:44+00:00,2023-05-22,2023-05,16,9181.0,219.0,24.0,0.023853610717786734,we moved to la,0.036924082343971244
UC_0Gls5n4NOo-aRYVayQf0w,OK6VAqaZhJE,NITSAN x DYNAMITE | I designed my own dress collection!!!!,2023-05-14 17:14:29+00:00,2023-05-08,2023-05,58,3787.0,124.0,10.0,0.03274359651439134,nitsan x dynamite  i designed my own dress collection,0.045946659625033005
UC_0Gls5n4NOo-aRYVayQf0w,13EAb839WgU,Team Trying Fruit Roll-Ups + Ice Cream,2023-04-20 01:57:57+00:00,2023-04-17,2023-04,38,2890.0,85.0,2.0,0.029411764705882353,team trying fruit rollups  ice cream,0.0328719723183391
UC_0Gls5n4NOo-aRYVayQf0w,amr2UlngqAI,Styling My NEW Chanel Flats ‚ú®,2023-04-13 14:23:18+00:00,2023-04-10,2023-04,29,8950.0,132.0,3.0,0.014748603351955308,styling my new chanel flats ,0.01642458100558659
UC_0Gls5n4NOo-aRYVayQf0w,SqCSFmxVZh0,a question i‚Äôll wonder for the rest of my life!,2023-04-13 14:17:02+00:00,2023-04-10,2023-04,47,1961.0,22.0,0.0,0.011218765935747067,a question ill wonder for the rest of my life,0.011218765935747067
UC_0Gls5n4NOo-aRYVayQf0w,spgszY7Odvo,üá®üá¶ ü§ç,2023-04-13 14:09:39+00:00,2023-04-10,2023-04,4,2863.0,40.0,0.0,0.013971358714634998, ,0.013971358714634998
UC_0Gls5n4NOo-aRYVayQf0w,ZWgyDNfb1Ss,What Me + My Team Wore To Work Today,2023-03-31 16:37:42+00:00,2023-03-27,2023-03,36,3213.0,73.0,4.0,0.022720199190787427,what me  my team wore to work today,0.028944911297852476
UC_0Gls5n4NOo-aRYVayQf0w,LnpLjoVhSvM,OUTFIT CHECK üñ§,2023-03-31 16:22:50+00:00,2023-03-27,2023-03,14,911.0,32.0,3.0,0.03512623490669594,outfit check ,0.05159165751920966
UC_0Gls5n4NOo-aRYVayQf0w,Ndy_I7K3sto,Reuniting With My Puppy ü•∫,2023-03-31 16:20:44+00:00,2023-03-27,2023-03,25,3062.0,136.0,2.0,0.04441541476159373,reuniting with my puppy ,0.04768125408229915
UC_0Gls5n4NOo-aRYVayQf0w,G9Dyt88IXvA,NYFW Outfit üê•,2023-03-31 16:17:58+00:00,2023-03-27,2023-03,13,1982.0,49.0,2.0,0.02472250252270434,nyfw outfit ,0.029767911200807264
UC_0Gls5n4NOo-aRYVayQf0w,MzSI5SeEZZs,MIAMI GNO üç∏,2023-03-31 16:15:22+00:00,2023-03-27,2023-03,11,1889.0,38.0,1.0,0.02011646373742721,miami gno ,0.022763366860772894
UC_0Gls5n4NOo-aRYVayQf0w,N16tEHDlVdk,Outfit Reveal New York Fashion Week,2023-03-20 20:12:56+00:00,2023-03-20,2023-03,35,2038.0,46.0,0.0,0.022571148184494603,outfit reveal new york fashion week,0.022571148184494603
UC_0Gls5n4NOo-aRYVayQf0w,v9eR9YSNEW4,FORBES WROTE AN ARTICLE ON MY BUSINESS,2023-03-20 18:59:12+00:00,2023-03-20,2023-03,38,1901.0,53.0,6.0,0.027880063124671225,forbes wrote an article on my business,0.0436612309310889
UC_0Gls5n4NOo-aRYVayQf0w,mrGGm2um8Q8,Fenty Liquid Lipsticks: First Impression,2023-03-20 18:55:17+00:00,2023-03-20,2023-03,40,2646.0,73.0,5.0,0.02758881330309902,fenty liquid lipsticks first impression,0.037037037037037035
UC_0Gls5n4NOo-aRYVayQf0w,jgneIQt-iJo,POV: Your Dog Is Your Best Friend/Therapist,2023-03-20 18:51:01+00:00,2023-03-20,2023-03,43,509.0,17.0,0.0,0.03339882121807466,pov your dog is your best friendtherapist,0.03339882121807466
UC_0Gls5n4NOo-aRYVayQf0w,m4kNleMG1-k,We‚Äôre back!!! NYFW 2023,2023-02-26 17:00:09+00:00,2023-02-20,2023-02,23,7991.0,262.0,20.0,0.03278688524590164,were back nyfw 2023,0.04530096358403204
UC_0Gls5n4NOo-aRYVayQf0w,99RCcXMDAkc,Surprising My Long Distance Bestie,2023-01-30 22:01:53+00:00,2023-01-30,2023-01,34,2671.0,80.0,0.0,0.02995132909022838,surprising my long distance bestie,0.02995132909022838
UC_0Gls5n4NOo-aRYVayQf0w,2J96cGD_060,When The Clock Strikes 4:59pm üç∑,2023-01-30 21:59:37+00:00,2023-01-30,2023-01,31,5659.0,91.0,2.0,0.01608057960770454,when the clock strikes 459pm ,0.017847676267891854
UC_0Gls5n4NOo-aRYVayQf0w,BAe1pi4rIWg,Testing My Husband üëÄ,2023-01-30 21:55:22+00:00,2023-01-30,2023-01,20,2258.0,47.0,3.0,0.020814880425155006,testing my husband ,0.02745792736935341
UC_0Gls5n4NOo-aRYVayQf0w,FCK_3F7fr90,How I Edit My Photos!,2023-01-20 21:08:37+00:00,2023-01-16,2023-01,21,2318.0,44.0,2.0,0.01898188093183779,how i edit my photos,0.023295944779982744
UC_0Gls5n4NOo-aRYVayQf0w,2Kq1mrn5gnY,"World, Meet‚Ä¶ üò≠üê∂ü§ç!!!!",2023-01-19 17:35:12+00:00,2023-01-16,2023-01,20,1112.0,48.0,4.0,0.04316546762589928,world meet ,0.06115107913669065
UC_0Gls5n4NOo-aRYVayQf0w,lf-u6H37lzY,GUCCI SENT ME A BAG!!!,2023-01-19 17:30:54+00:00,2023-01-16,2023-01,22,6916.0,133.0,4.0,0.019230769230769232,gucci sent me a bag,0.022122614227877386
UC_0Gls5n4NOo-aRYVayQf0w,hJ_2h2_uFWE,My Self Tanning Routine ü§ç,2023-01-19 17:24:52+00:00,2023-01-16,2023-01,25,2843.0,69.0,1.0,0.02427013717903623,my self tanning routine ,0.026028842771720014
UC_0Gls5n4NOo-aRYVayQf0w,VdwilysFXDs,Winter Wonderland With Alo,2022-11-11 19:58:09+00:00,2022-11-07,2022-11,26,728.0,26.0,0.0,0.03571428571428571,winter wonderland with alo,0.03571428571428571
UCrJFUWdSQqRcH5aQ_CEtsMQ,DsU0AH76F4Y,"productive days at university üë©üèª‚Äçüéì7AM morning routine, final year, grwm for 4 hours of class",2025-04-01 09:00:14+00:00,2025-03-31,2025-04,92,78800.0,2147.0,35.0,0.027246192893401015,productive days at university 7am morning routine final year grwm for 4 hours of class,0.029467005076142132
UCrJFUWdSQqRcH5aQ_CEtsMQ,PA26fgJgXb4,How to REBRAND yourself and become THAT GIRL (the ultimate 2025 RESET guide),2025-02-17 07:00:27+00:00,2025-02-17,2025-02,76,270303.0,10780.0,60.0,0.03988117039026574,how to rebrand yourself and become that girl the ultimate 2025 reset guide,0.04099103598554215
UCrJFUWdSQqRcH5aQ_CEtsMQ,IO-bgoLsvQg,"UNI VLOG üíª 6AM morning, exam season, end of sem, 8hrs of class, new study chair, apartment cleanup",2024-12-01 08:00:10+00:00,2024-11-25,2024-12,98,32657.0,957.0,31.0,0.02930459013381511,uni vlog  6am morning exam season end of sem 8hrs of class new study chair apartment cleanup,0.03405089261107879
UCrJFUWdSQqRcH5aQ_CEtsMQ,aeM-R4lq4Mg,"7 days in Shanghai üá®üá≥ best restaurants and places to visit, trendy shops, China travel tips",2024-11-30 08:00:03+00:00,2024-11-25,2024-11,91,78783.0,1772.0,53.0,0.02249216201464783,7 days in shanghai  best restaurants and places to visit trendy shops china travel tips,0.025855831841894824
UCrJFUWdSQqRcH5aQ_CEtsMQ,XEDWeCwDopY,"UNI VLOG üíª 6AM morning, 8hrs on campus, library study, grwm for a night out, home cooking",2024-11-28 10:00:37+00:00,2024-11-25,2024-11,89,26801.0,875.0,29.0,0.03264803552106265,uni vlog  6am morning 8hrs on campus library study grwm for a night out home cooking,0.038058281407410174
UCrJFUWdSQqRcH5aQ_CEtsMQ,C7XlgTBl6Bc,How to get clear glass skin using #kbeauty,2024-11-25 10:24:59+00:00,2024-11-25,2024-11,42,6201.0,252.0,6.0,0.040638606676342524,how to get clear glass skin using kbeauty,0.045476536042573776
UCrJFUWdSQqRcH5aQ_CEtsMQ,UDbUFHhZ1z4,"UNI VLOG üíª 5AM morning, 8hrs of uni, study routine, apartment cleanup, new hair, beauty haul",2024-11-24 08:00:32+00:00,2024-11-18,2024-11,92,39821.0,1117.0,48.0,0.02805052610431682,uni vlog  5am morning 8hrs of uni study routine apartment cleanup new hair beauty haul,0.03407749679817182
UCrJFUWdSQqRcH5aQ_CEtsMQ,_gUMSiPFCa8,"UNI VLOG üíª 5AM morning, studying at the library, classes, self care night routine, grocery shopping",2024-11-12 11:00:45+00:00,2024-11-11,2024-11,99,67158.0,1862.0,46.0,0.027725661872003336,uni vlog  5am morning studying at the library classes self care night routine grocery shopping,0.031150421394323835
UCrJFUWdSQqRcH5aQ_CEtsMQ,TOcjHBGG_4M,"UNI VLOG üíª 6AM morning, back to school, 8 hour days, library study, new study room, making friends",2024-09-30 11:00:34+00:00,2024-09-30,2024-09,98,78786.0,1967.0,50.0,0.024966364582540045,uni vlog  6am morning back to school 8 hour days library study new study room making friends,0.02813951717310182
UCrJFUWdSQqRcH5aQ_CEtsMQ,L1NAgKg-4nY,"Back to School Shopping 2024 üìî Clothes, Stationary, K-beauty, Skincare (shopping + haul)",2024-09-29 11:44:30+00:00,2024-09-23,2024-09,88,66669.0,1943.0,47.0,0.029143979960701377,back to school shopping 2024  clothes stationary kbeauty skincare shopping  haul,0.03266885659001935
UCrJFUWdSQqRcH5aQ_CEtsMQ,Z1h0GVOjnyE,"4 days in Seoul South Koreaüá∞üá∑best restaurants, cafes, shopping (hongdae, myeongdong,itaewon)",2024-09-28 10:00:34+00:00,2024-09-23,2024-09,92,103730.0,1955.0,36.0,0.018847006651884702,4 days in seoul south koreabest restaurants cafes shopping hongdae myeongdongitaewon,0.020582280921623446
UCrJFUWdSQqRcH5aQ_CEtsMQ,FhT8peL2Dn4,"Productive days in my life üíª getting back into routine, room makeover, end of exams, home chores",2024-09-26 10:00:30+00:00,2024-09-23,2024-09,96,36915.0,1156.0,39.0,0.031315183529730464,productive days in my life  getting back into routine room makeover end of exams home chores,0.03659758905593932
UCrJFUWdSQqRcH5aQ_CEtsMQ,P20vnbEcuSE,"3 days in TokyoüóºGinza, Omotesando, Tokyo tower, Shiba Park, famous restaurant recommendations",2024-09-02 11:02:54+00:00,2024-09-02,2024-09,93,56044.0,1265.0,54.0,0.022571550924273785,3 days in tokyoginza omotesando tokyo tower shiba park famous restaurant recommendations,0.027389194204553564
UCrJFUWdSQqRcH5aQ_CEtsMQ,S4pm-iJWmx8,Realistic 5AM morning routine ‚òï HOW to become a morning girl as a ex-nightowl,2024-08-15 11:00:33+00:00,2024-08-12,2024-08,77,62039.0,2029.0,43.0,0.0327052338045423,realistic 5am morning routine  how to become a morning girl as a exnightowl,0.036170795789745164
UCrJFUWdSQqRcH5aQ_CEtsMQ,Gt14s9Jo83Q,"UNI VLOG üíª 6AM morning routine, studying in the library, cleaning my apartment, skincare routine",2024-08-12 11:00:14+00:00,2024-08-12,2024-08,96,120022.0,2941.0,83.0,0.02450384096249021,uni vlog  6am morning routine studying in the library cleaning my apartment skincare routine,0.027961540384262885
UCrJFUWdSQqRcH5aQ_CEtsMQ,g7rtdMoBi0s,"UNI VLOG üíª 5AM morning, getting back into routine, cafe study, grocery shopping, home cooking",2024-08-04 11:49:52+00:00,2024-07-29,2024-08,93,320294.0,8056.0,117.0,0.025151891699501085,uni vlog  5am morning getting back into routine cafe study grocery shopping home cooking,0.02697833865136406
UCrJFUWdSQqRcH5aQ_CEtsMQ,dclB8X-WGyI,"5 days in TokyoüóºGinza, Harajuku, Shibuya, viral restaurants/cafes, trendy shops (full itinerary)",2024-06-30 09:00:27+00:00,2024-06-24,2024-06,96,103688.0,2111.0,59.0,0.02035915438623563,5 days in tokyoginza harajuku shibuya viral restaurantscafes trendy shops full itinerary,0.02320422806882185
UCrJFUWdSQqRcH5aQ_CEtsMQ,ELZImmMZ8B8,"UNI VLOG üìù 12hr study days, productive, apartment cleanup, home alone, packing for Japan",2024-06-22 10:00:18+00:00,2024-06-17,2024-06,88,53963.0,1511.0,73.0,0.02800066712376999,uni vlog  12hr study days productive apartment cleanup home alone packing for japan,0.03476456090284084
UCrJFUWdSQqRcH5aQ_CEtsMQ,BNJHenNINrY,EVERYTHING I eat in a day in TOKYO üçú,2024-06-17 12:57:53+00:00,2024-06-17,2024-06,36,18672.0,939.0,6.0,0.0502892030848329,everything i eat in a day in tokyo ,0.051895886889460154
UCrJFUWdSQqRcH5aQ_CEtsMQ,nE8PA3-l-Bw,"Australia vlog üåä summer days, beach hopping, cafes, winery tours, Sydney to Western Australia",2024-05-11 11:00:07+00:00,2024-05-06,2024-05,93,54690.0,1471.0,35.0,0.026897056134576706,australia vlog  summer days beach hopping cafes winery tours sydney to western australia,0.03009690985554946
UCrJFUWdSQqRcH5aQ_CEtsMQ,MQ_jbLpE6Mg,Jennie Blackpink x Gentlemonster PR UNBOXING üéÄ #blackpink #jennie #kpop,2024-05-04 00:16:55+00:00,2024-04-29,2024-05,71,204285.0,13116.0,51.0,0.06420442029517585,jennie blackpink x gentlemonster pr unboxing  blackpink jennie kpop,0.06545267640795947
UCrJFUWdSQqRcH5aQ_CEtsMQ,nnpdLbTSJSg,HUGE BOOK HAUL because I need to fill my home library...(100+ books) üìö,2024-04-12 10:00:06+00:00,2024-04-08,2024-04,70,503567.0,18736.0,1224.0,0.037206568341452084,huge book haul because i need to fill my home library100 books ,0.04935986671088455
UCrJFUWdSQqRcH5aQ_CEtsMQ,qebxeKEivho,"STUDY VLOG üìù  productive days in my life, university days, mid-term exams, finishing assignments",2024-04-10 10:00:07+00:00,2024-04-08,2024-04,96,63875.0,1961.0,49.0,0.030700587084148728,study vlog   productive days in my life university days midterm exams finishing assignments,0.034536203522504895
UCiTrvunKfhrK-qc41ZctFrg,enKZXOnqFjc,shower margs all summer long,2025-05-27 22:12:31+00:00,2025-05-26,2025-05,28,3531.0,149.0,2.0,0.042197677711696406,shower margs all summer long,0.045029736618521665
UCiTrvunKfhrK-qc41ZctFrg,dEfxUOa0DMs,"WEEK IN MY LIFE: Spring Cleaning, Getting Back Into A Routine, Nuuly Unboxing",2025-05-27 00:03:53+00:00,2025-05-26,2025-05,77,15712.0,657.0,43.0,0.041815173116089614,week in my life spring cleaning getting back into a routine nuuly unboxing,0.0554989816700611
UCiTrvunKfhrK-qc41ZctFrg,L5wm-ZYwyHk,spring cleaning sunday reset,2025-05-18 19:21:16+00:00,2025-05-12,2025-05,28,5826.0,321.0,6.0,0.05509783728115345,spring cleaning sunday reset,0.06024716786817714
UCiTrvunKfhrK-qc41ZctFrg,6q-casGcSB4,thank goodness for violet witchel!,2025-05-15 14:52:32+00:00,2025-05-12,2025-05,34,5323.0,140.0,1.0,0.026300958106331016,thank goodness for violet witchel,0.02724027803869998
UCiTrvunKfhrK-qc41ZctFrg,VCcmlRHjVRM,"May 13, 2025",2025-05-13 18:44:48+00:00,2025-05-12,2025-05,12,6496.0,190.0,4.0,0.029248768472906403,may 13 2025,0.032327586206896554
UCiTrvunKfhrK-qc41ZctFrg,xHdD17mTBQs,thrift stores are my fav souvenir shops,2025-05-12 23:44:04+00:00,2025-05-12,2025-05,39,7500.0,262.0,3.0,0.03493333333333333,thrift stores are my fav souvenir shops,0.03693333333333333
UCiTrvunKfhrK-qc41ZctFrg,Ez6ppR8Nux0,queen of multitasking #morningroutine #armworkout,2025-03-27 14:20:04+00:00,2025-03-24,2025-03,49,14603.0,546.0,4.0,0.03738957748407861,queen of multitasking morningroutine armworkout,0.03875915907690201
UCiTrvunKfhrK-qc41ZctFrg,7Mep9SeP_OM,sunday reset routine!! #productivity,2025-02-24 02:53:12+00:00,2025-02-24,2025-02,36,5572.0,452.0,4.0,0.08111988513998564,sunday reset routine productivity,0.08470926058865758
UCiTrvunKfhrK-qc41ZctFrg,uyLnhxqTx9E,a good week starts on sunday!!!,2025-02-10 02:33:59+00:00,2025-02-10,2025-02,31,5028.0,437.0,11.0,0.08691328560063644,a good week starts on sunday,0.09785202863961814
UCiTrvunKfhrK-qc41ZctFrg,EsvilNu3Ubc,nothing a little elbow grease can‚Äôt fix,2025-02-10 02:27:02+00:00,2025-02-10,2025-02,39,4445.0,125.0,4.0,0.0281214848143982,nothing a little elbow grease cant fix,0.03262092238470191
UCiTrvunKfhrK-qc41ZctFrg,Khbk6O6hI0g,"styling is still to come, just using what i have while i search for the perfect mirror!",2025-02-10 02:25:11+00:00,2025-02-10,2025-02,87,4116.0,187.0,2.0,0.04543245869776482,styling is still to come just using what i have while i search for the perfect mirror,0.047862001943634595
UCiTrvunKfhrK-qc41ZctFrg,rGhJmDsDp-c,"DAYS IN MY LIFE: Prepping For Guests, Home Updates, Women in STEM",2025-01-24 21:21:59+00:00,2025-01-20,2025-01,65,35124.0,1250.0,62.0,0.03558820179933948,days in my life prepping for guests home updates women in stem,0.044414075845575676
UCiTrvunKfhrK-qc41ZctFrg,TQ_5FArNMG4,love a good closing shift,2025-01-15 05:22:57+00:00,2025-01-13,2025-01,25,6265.0,631.0,8.0,0.10071827613727055,love a good closing shift,0.10710295291300878
UCiTrvunKfhrK-qc41ZctFrg,BRgcSgtS2Ko,a morning meditation of sorts,2025-01-15 05:22:07+00:00,2025-01-13,2025-01,29,4005.0,246.0,4.0,0.06142322097378277,a morning meditation of sorts,0.06641697877652934
UCiTrvunKfhrK-qc41ZctFrg,PXAFfvbW4yQ,"DAY IN MY LIFE: New Years Reset, Deep Cleaning, Lowering My Screen Time",2025-01-06 21:27:33+00:00,2025-01-06,2025-01,71,44223.0,1217.0,64.0,0.027519616489157225,day in my life new years reset deep cleaning lowering my screen time,0.03475567012640481
UCiTrvunKfhrK-qc41ZctFrg,W827iDmWvzY,dry january inspo,2024-12-30 20:23:55+00:00,2024-12-30,2024-12,17,5201.0,247.0,5.0,0.04749086714093444,dry january inspo,0.05229763507017881
UCiTrvunKfhrK-qc41ZctFrg,aWPJ-RGQyP0,seriously,2024-12-23 00:38:23+00:00,2024-12-23,2024-12,9,5387.0,242.0,5.0,0.04492296268795248,seriously,0.04956376461852608
UCiTrvunKfhrK-qc41ZctFrg,C89-DQnYmog,if bathroom decor is wrong i don‚Äôt want to be right,2024-12-20 17:56:26+00:00,2024-12-16,2024-12,51,11016.0,438.0,4.0,0.039760348583877995,if bathroom decor is wrong i dont want to be right,0.041575889615105305
UCiTrvunKfhrK-qc41ZctFrg,0Rxz7souph8,never leaving this bed!! #netflix,2024-12-19 15:59:33+00:00,2024-12-16,2024-12,33,3802.0,236.0,8.0,0.06207259337190952,never leaving this bed netflix,0.07259337190952131
UCiTrvunKfhrK-qc41ZctFrg,yJMLBOnnuRo,forgot how much i loved baths!!!,2024-12-18 02:17:41+00:00,2024-12-16,2024-12,32,4966.0,241.0,1.0,0.04853000402738623,forgot how much i loved baths,0.049536850583971004
UCiTrvunKfhrK-qc41ZctFrg,uiOVx-Sq63Y,sheet pan nachos are an oldie but a goodie!!,2024-12-16 01:50:34+00:00,2024-12-16,2024-12,44,7469.0,749.0,7.0,0.10028116213683223,sheet pan nachos are an oldie but a goodie,0.1049671977507029
UCiTrvunKfhrK-qc41ZctFrg,34KQISh-ST4,I imagine this is where an old medicine cabinet once was! now it‚Äôs a hidden spot for toilet paper,2024-12-15 19:56:20+00:00,2024-12-09,2024-12,97,9452.0,285.0,1.0,0.03015234870926788,i imagine this is where an old medicine cabinet once was now its a hidden spot for toilet paper,0.030681337283114684
UCiTrvunKfhrK-qc41ZctFrg,zcp-d5PBO1g,bathroom renovation reveal!!,2024-12-03 21:55:39+00:00,2024-12-02,2024-12,28,6870.0,311.0,6.0,0.045269286754002915,bathroom renovation reveal,0.04963609898107715
UCiTrvunKfhrK-qc41ZctFrg,JeZ_TPN8RWA,dream kitchen renovation!!,2024-12-03 17:20:49+00:00,2024-12-02,2024-12,26,6947.0,335.0,7.0,0.04822225421045055,dream kitchen renovation,0.053260400172736436
UCiTrvunKfhrK-qc41ZctFrg,Av8s44dS91M,"WEEK IN MY LIFE: The Week Before My Move, Cook With Me, Sock Curls",2024-12-01 17:42:48+00:00,2024-11-25,2024-12,66,41288.0,1147.0,91.0,0.027780468901375702,week in my life the week before my move cook with me sock curls,0.03880062003487696
UC1zACndCursf-RTGr9YvQmQ,g_buhIRPq2k,what everyone ordered at my HOME CAFE,2025-05-23 22:00:45+00:00,2025-05-19,2025-05,37,130826.0,5203.0,29.0,0.03977038203415223,what everyone ordered at my home cafe,0.04087872441257854
UC1zACndCursf-RTGr9YvQmQ,mYiR1dcEG6o,I turned my NYC apartment into a real CAFE,2025-05-23 16:12:09+00:00,2025-05-19,2025-05,42,238555.0,12014.0,351.0,0.05036155184339041,i turned my nyc apartment into a real cafe,0.05771834587411708
UC1zACndCursf-RTGr9YvQmQ,DekvsWJGGVo,six RARE matchas SIX ways,2025-05-09 18:56:03+00:00,2025-05-05,2025-05,25,67379.0,3518.0,42.0,0.052212113566541506,six rare matchas six ways,0.055328811647545974
UC1zACndCursf-RTGr9YvQmQ,o-ihLwOw24Q,i lost my dignity at Coachella,2025-05-02 19:02:17+00:00,2025-04-28,2025-05,30,250749.0,9786.0,227.0,0.03902707488364859,i lost my dignity at coachella,0.04355351367303559
UC1zACndCursf-RTGr9YvQmQ,eDDbpS8eTk0,THRIFTING COACHELLA OUTFITS WITH MY SIBLINGS,2025-04-24 18:33:18+00:00,2025-04-21,2025-04,44,175186.0,7515.0,186.0,0.042897263479958446,thrifting coachella outfits with my siblings,0.0482059068647038
UC1zACndCursf-RTGr9YvQmQ,yVGrZwKVfdg,eating ONLY Korean food for 24 HOURS in NYC,2025-04-13 18:49:04+00:00,2025-04-07,2025-04,43,324695.0,12639.0,227.0,0.03892576109887741,eating only korean food for 24 hours in nyc,0.04242134926623447
UC1zACndCursf-RTGr9YvQmQ,jsoqqx-56Hw,my 3am morning routine,2025-04-02 17:11:51+00:00,2025-03-31,2025-04,22,263243.0,8689.0,101.0,0.03300752536629654,my 3am morning routine,0.03492590496233518
UC1zACndCursf-RTGr9YvQmQ,u8gV7oWPBKg,what milk? White Monster,2025-03-31 15:31:40+00:00,2025-03-31,2025-03,24,226660.0,7015.0,27.0,0.03094943968940263,what milk white monster,0.03154504544251301
UC1zACndCursf-RTGr9YvQmQ,e--RYw_zYLE,the reality of owning a matcha business,2025-03-24 20:17:19+00:00,2025-03-24,2025-03,39,397991.0,15122.0,423.0,0.03799583407664998,the reality of owning a matcha business,0.0433100245985462
UC1zACndCursf-RTGr9YvQmQ,4-6w1FDEbY4,eating my scoby,2025-03-23 21:13:38+00:00,2025-03-17,2025-03,15,56973.0,1214.0,35.0,0.02130833903778983,eating my scoby,0.024379969459217523
UC1zACndCursf-RTGr9YvQmQ,Hzj8BoLUv1c,we went to bali together,2025-03-21 19:41:13+00:00,2025-03-17,2025-03,24,463808.0,19075.0,325.0,0.04112693183386229,we went to bali together,0.04463053677383745
UC1zACndCursf-RTGr9YvQmQ,orlsM5dhIGg,interning for my brother,2025-03-17 17:03:43+00:00,2025-03-17,2025-03,24,57415.0,2465.0,10.0,0.04293303143777758,interning for my brother,0.043803884002438384
UC1zACndCursf-RTGr9YvQmQ,qiGnwkCStQ0,switching lives with my FINANCE BRO little brother,2025-03-05 18:11:35+00:00,2025-03-03,2025-03,50,482234.0,17634.0,381.0,0.03656730964635426,switching lives with my finance bro little brother,0.040517673992294195
UC1zACndCursf-RTGr9YvQmQ,YTROovm5a0Q,I brought him to copenhagen,2025-02-11 18:31:47+00:00,2025-02-10,2025-02,27,328561.0,14765.0,393.0,0.0449383828269332,i brought him to copenhagen,0.05091900742936624
UC1zACndCursf-RTGr9YvQmQ,KRpVziqbsIw,"matcha at 35,000 ft in the air ‚úàÔ∏è",2025-02-05 00:09:34+00:00,2025-02-03,2025-02,33,57396.0,3354.0,14.0,0.058436127953167466,matcha at 35000 ft in the air ,0.05965572513764025
UC1zACndCursf-RTGr9YvQmQ,GF5VCjhppIk,I accidentally bought a $5000 airplane seat,2025-01-30 20:10:47+00:00,2025-01-27,2025-01,43,1090990.0,33988.0,2638.0,0.031153356126087314,i accidentally bought a 5000 airplane seat,0.04324329278911814
UC1zACndCursf-RTGr9YvQmQ,UOdGUY12MEI,my workout routine *EXACTLY* what I do to stay in shape ‚ú® (the NYC it-girl workout guide!),2025-01-27 20:20:31+00:00,2025-01-27,2025-01,90,302857.0,10824.0,211.0,0.03573963949982995,my workout routine exactly what i do to stay in shape  the nyc itgirl workout guide,0.03922313170902439
UC1zACndCursf-RTGr9YvQmQ,OwlUghREiOA,what milk do you want?,2025-01-22 17:32:09+00:00,2025-01-20,2025-01,22,84441.0,3299.0,47.0,0.03906869885482171,what milk do you want,0.04185170710910577
UC1zACndCursf-RTGr9YvQmQ,0sZnWIcvHRU,I tried EVERY MATCHA in LOS ANGELES üçµ,2025-01-20 18:50:17+00:00,2025-01-20,2025-01,37,262819.0,15866.0,2419.0,0.06036854260917209,i tried every matcha in los angeles ,0.10638880750630662
UC1zACndCursf-RTGr9YvQmQ,4TAQKfdGGKs,exposing my entire camera roll (2024 recap),2025-01-11 16:58:00+00:00,2025-01-06,2025-01,43,161811.0,7349.0,170.0,0.04541718424581765,exposing my entire camera roll 2024 recap,0.05067022637521553
UC1zACndCursf-RTGr9YvQmQ,3i6MplmtLFI,kumquat tanghulu,2025-01-10 23:59:10+00:00,2025-01-06,2025-01,16,47999.0,2437.0,21.0,0.05077189108106419,kumquat tanghulu,0.05295943665493031
UC1zACndCursf-RTGr9YvQmQ,28U_LBtIeWU,my new years resolutions ‚ú®,2025-01-01 19:46:58+00:00,2024-12-30,2025-01,26,274357.0,20076.0,61.0,0.07317473219199802,my new years resolutions ,0.07428642243500257
UC1zACndCursf-RTGr9YvQmQ,b8QgymEayYM,excuse me do you have *insert absurd item* ?,2024-12-31 22:11:27+00:00,2024-12-30,2024-12,44,161058.0,13825.0,37.0,0.08583864197990786,excuse me do you have insert absurd item ,0.0869872965018813
UC1zACndCursf-RTGr9YvQmQ,ygPbZoAs51g,she literally dgaf,2024-12-30 01:00:43+00:00,2024-12-30,2024-12,18,51388.0,2836.0,24.0,0.05518798162995252,she literally dgaf,0.057523157157312994
UC1zACndCursf-RTGr9YvQmQ,OwrzHG7xlLU,WHAT WE GOT FOR CHRISTMAS HAUL 2024,2024-12-28 16:00:32+00:00,2024-12-23,2024-12,35,321870.0,15898.0,346.0,0.04939261192406872,what we got for christmas haul 2024,0.05476745269829434
UC1zACndCursf-RTGr9YvQmQ,T_GSiH1lntU,first class to LAX ... HUH,2024-12-21 21:14:26+00:00,2024-12-16,2024-12,26,53963.0,4016.0,29.0,0.07442136278561236,first class to lax  huh,0.07710838908140763
UC1zACndCursf-RTGr9YvQmQ,opew9EKHxkc,inside joke,2024-12-21 01:00:38+00:00,2024-12-16,2024-12,11,38445.0,1912.0,18.0,0.04973338535570295,inside joke,0.052074391988555076
UC1zACndCursf-RTGr9YvQmQ,tmEnR1bUDwo,MINECRAFT matcha.,2024-12-20 01:00:42+00:00,2024-12-16,2024-12,17,50078.0,3035.0,30.0,0.06060545548943648,minecraft matcha,0.06360078277886497
UC1zACndCursf-RTGr9YvQmQ,fF4VxSIDnkw,baking with my siblings while BLINDFOLDED... *gone wrong*,2024-12-18 20:15:18+00:00,2024-12-16,2024-12,57,161397.0,8313.0,251.0,0.051506533578691054,baking with my siblings while blindfolded gone wrong,0.05928239062683941
UC1zACndCursf-RTGr9YvQmQ,fOZui9YG_Ko,everything I want for Christmas (what to get yourself or UR GIRLLL) *ultimate gift guide*,2024-12-16 04:22:00+00:00,2024-12-16,2024-12,89,56782.0,3144.0,16.0,0.05536965939910535,everything i want for christmas what to get yourself or ur girlll ultimate gift guide,0.056778556584833224
UC1zACndCursf-RTGr9YvQmQ,_pBeegcBrdw,owning a business be like,2024-12-16 01:00:32+00:00,2024-12-16,2024-12,25,32335.0,2264.0,20.0,0.07001700943250348,owning a business be like,0.07310963352404515
UC1zACndCursf-RTGr9YvQmQ,kJmJ6uEy3CM,I am NOT dating him.,2024-12-15 01:00:25+00:00,2024-12-09,2024-12,20,131229.0,6080.0,165.0,0.04633122251941263,i am not dating him,0.052617942680352664
UC1zACndCursf-RTGr9YvQmQ,ulyzAnIkPII,Ningning is the MAKNAE üíú,2024-12-13 22:38:00+00:00,2024-12-09,2024-12,24,145735.0,8225.0,24.0,0.05643805537448108,ningning is the maknae ,0.05726146773252822
UC1zACndCursf-RTGr9YvQmQ,Zg_JzgJlMa8,i did not order all these cakes,2024-12-11 01:00:19+00:00,2024-12-09,2024-12,31,69238.0,3964.0,18.0,0.05725179814552702,i did not order all these cakes,0.058551662381929
UC1zACndCursf-RTGr9YvQmQ,ct3gZUwCCBY,nami matcha kit unboxing! ‚≠êÔ∏èüçµ,2024-12-10 17:58:38+00:00,2024-12-09,2024-12,29,40636.0,2750.0,21.0,0.06767398365980903,nami matcha kit unboxing ,0.0702578993995472
UCgNUeSxwTH5tE9Bgvzek-5Q,06LSR379Y1Y,The Real Glow Up? Showing Up Daily.,2025-05-28 14:54:18+00:00,2025-05-26,2025-05,35,2711.0,211.0,8.0,0.07783105864994468,the real glow up showing up daily,0.09258576171154556
UCgNUeSxwTH5tE9Bgvzek-5Q,JKqDG3bsj9c,What does community mean to YOU? ‚ù§Ô∏è,2025-05-27 13:00:39+00:00,2025-05-26,2025-05,35,15508.0,373.0,6.0,0.02405210214083054,what does community mean to you ,0.02598658756770699
UCgNUeSxwTH5tE9Bgvzek-5Q,8DZxoUIxW1k,What I Never Skip in My Slow Morning Routine,2025-05-26 13:00:13+00:00,2025-05-26,2025-05,44,29622.0,669.0,12.0,0.022584565525622848,what i never skip in my slow morning routine,0.024610087097427586
UCgNUeSxwTH5tE9Bgvzek-5Q,C9H3GJs1XrE,Simple protein habits have changed everything for me.,2025-05-23 13:00:31+00:00,2025-05-19,2025-05,53,66830.0,1322.0,17.0,0.01978153523866527,simple protein habits have changed everything for me,0.021053419123148287
UCgNUeSxwTH5tE9Bgvzek-5Q,WAHdm94jghc,"Full Fridge, Clear Mind",2025-05-22 13:01:00+00:00,2025-05-19,2025-05,23,48833.0,863.0,14.0,0.01767247558003809,full fridge clear mind,0.019105932463702825
UCgNUeSxwTH5tE9Bgvzek-5Q,jvzTzbWQbEM,Try this 8 Exercise Routine to Sculpt Arms + Back,2025-05-21 13:01:23+00:00,2025-05-19,2025-05,49,24121.0,720.0,7.0,0.029849508726835536,try this 8 exercise routine to sculpt arms  back,0.03130052651216782
UCgNUeSxwTH5tE9Bgvzek-5Q,qEk4ipFJadU,Making movement a ritual has changed everything for me.,2025-05-19 15:20:51+00:00,2025-05-19,2025-05,55,9529.0,301.0,2.0,0.031587784657361735,making movement a ritual has changed everything for me,0.03263721271906811
UCgNUeSxwTH5tE9Bgvzek-5Q,LTRBVP6z0uk,Week Vlog in L.A | Home Update + How I Calm My Nervous System Daily,2025-05-17 11:00:26+00:00,2025-05-12,2025-05,67,53697.0,1565.0,85.0,0.02914501741251839,week vlog in la  home update  how i calm my nervous system daily,0.037059798498985046
UCgNUeSxwTH5tE9Bgvzek-5Q,XfGJdACIX30,"Journaling has saved my focus, routine and peace of mind ‚ú®",2025-05-15 16:17:10+00:00,2025-05-12,2025-05,58,12938.0,375.0,6.0,0.028984387076827947,journaling has saved my focus routine and peace of mind ,0.03130313804297419
UCgNUeSxwTH5tE9Bgvzek-5Q,zx0KAd_mM9k,Fuel Your Body with Colorful Whole Foods,2025-05-13 14:48:23+00:00,2025-05-12,2025-05,40,38030.0,1104.0,9.0,0.029029713384170392,fuel your body with colorful whole foods,0.030212989744938207
UCgNUeSxwTH5tE9Bgvzek-5Q,dmdLb9tgvvQ,"Weekend in My Life in L.A. | Farmers Market Haul, Cooking at Home, and Feeling Emotional",2025-04-19 10:00:58+00:00,2025-04-14,2025-04,88,108623.0,2776.0,128.0,0.025556281818767665,weekend in my life in la  farmers market haul cooking at home and feeling emotional,0.03144821999024148
UCgNUeSxwTH5tE9Bgvzek-5Q,BfhC3Sr33vg,15 Min Pilates for Strong Back | Improve Posture | Day 7 Challenge,2025-04-13 07:15:01+00:00,2025-04-07,2025-04,66,20680.0,849.0,36.0,0.041054158607350094,15 min pilates for strong back  improve posture  day 7 challenge,0.04975822050290135
UCgNUeSxwTH5tE9Bgvzek-5Q,ty8ou3EHrqs,15 Minute Toning Inner and Outer Thigh Pilates | Day 5 Challenge,2025-04-11 10:01:23+00:00,2025-04-07,2025-04,64,19470.0,777.0,16.0,0.0399075500770416,15 minute toning inner and outer thigh pilates  day 5 challenge,0.04401643554185927
UCgNUeSxwTH5tE9Bgvzek-5Q,-IpePvvhlQ0,3x Simple Foods To Support your Digestion and üí©,2025-04-03 19:13:50+00:00,2025-03-31,2025-04,47,317653.0,4828.0,38.0,0.015198974982134593,3x simple foods to support your digestion and ,0.015797111942906252
UCgNUeSxwTH5tE9Bgvzek-5Q,YCtSDzb6MoQ,Your Guide to a Glow-Up: 10 Habits That Will Change How You Show Up in 2025,2025-03-29 16:23:43+00:00,2025-03-24,2025-03,75,162785.0,4885.0,121.0,0.030008907454618053,your guide to a glowup 10 habits that will change how you show up in 2025,0.033725466105599414
UCgNUeSxwTH5tE9Bgvzek-5Q,uOxlehjxDBQ,"March 27, 2025",2025-03-27 15:40:01+00:00,2025-03-24,2025-03,14,32273.0,1212.0,8.0,0.03755461221454467,march 27 2025,0.03879403836023921
UCgNUeSxwTH5tE9Bgvzek-5Q,itXcTPWrR20,I went to an Indian wedding ‚Ä¶ and here is what happened!,2025-03-08 10:52:25+00:00,2025-03-03,2025-03,56,291070.0,7902.0,338.0,0.027148108702374,i went to an indian wedding  and here is what happened,0.03295427216820696
UCgNUeSxwTH5tE9Bgvzek-5Q,kRhhvAIGL9g,"24 Hours in Los Angeles: A Day in My Life, Night Time Skincare Routine + What I Eat",2025-03-01 19:30:20+00:00,2025-02-24,2025-03,83,104996.0,2685.0,102.0,0.025572402758200313,24 hours in los angeles a day in my life night time skincare routine  what i eat,0.03042973065640596
UCgNUeSxwTH5tE9Bgvzek-5Q,FwOmJfPBu7E,What I Eat in a Day to Build Muscle. Love my @Chomps Beef Sticks for a snack  #chompspartner,2025-01-31 18:32:18+00:00,2025-01-27,2025-01,92,104284.0,3998.0,24.0,0.03833761650876453,what i eat in a day to build muscle love my chomps beef sticks for a snack  chompspartner,0.039488320355951054
UCgNUeSxwTH5tE9Bgvzek-5Q,eT7F9W2en-8,10x Healthy Habits That Will Change Your Life Forever | 2025,2025-01-11 17:27:15+00:00,2025-01-06,2025-01,60,290140.0,14703.0,2834.0,0.05067553594816296,10x healthy habits that will change your life forever  2025,0.09951402771076032
UCgNUeSxwTH5tE9Bgvzek-5Q,eTI2gQM5_L0,What I Eat In a Day | High Protein to Build Lean Muscle | Easy Home Recipes,2025-01-04 14:48:18+00:00,2024-12-30,2025-01,75,439380.0,8094.0,244.0,0.01842141198962174,what i eat in a day  high protein to build lean muscle  easy home recipes,0.021198051800264007
UCgNUeSxwTH5tE9Bgvzek-5Q,_A6E64o2HOY,#abercrombiepartner new year routine with¬†@abercrombie,2025-01-01 18:18:39+00:00,2024-12-30,2025-01,54,65086.0,2786.0,21.0,0.04280490428049043,abercrombiepartner new year routine with¬†abercrombie,0.04441815444181545
UCgNUeSxwTH5tE9Bgvzek-5Q,mvkW6Icrak0,Spinach + Feta Stuffed Salmon ü•îü•¨,2024-12-10 20:12:02+00:00,2024-12-09,2024-12,32,63397.0,3245.0,17.0,0.05118538732116662,spinach  feta stuffed salmon ,0.052526144770257265
UCgNUeSxwTH5tE9Bgvzek-5Q,EM8jnJQo26E,Reminder: Nourishing yourself is a form of self-care!,2024-12-07 04:16:39+00:00,2024-12-02,2024-12,53,148774.0,6864.0,21.0,0.04613709384704317,reminder nourishing yourself is a form of selfcare,0.04684286232809496
UCgNUeSxwTH5tE9Bgvzek-5Q,b5SBgN2J1LQ,ü´êü´êü´ê,2024-12-05 18:31:55+00:00,2024-12-02,2024-12,3,35591.0,1439.0,17.0,0.04043156977887668,,0.04281981399792082
UCgNUeSxwTH5tE9Bgvzek-5Q,1bUrLHqXB0M,A Day in the Life of a Model | BTS of My Campaign Shoot!,2024-11-29 12:00:04+00:00,2024-11-25,2024-11,56,62730.0,1589.0,83.0,0.025330782719591903,a day in the life of a model  bts of my campaign shoot,0.031946437111429936
UCgNUeSxwTH5tE9Bgvzek-5Q,c7UW-4HWZEM,I love fueling my body with what it craves! Here is how I nourish my body and stay energized üåüüåü,2024-11-25 23:13:29+00:00,2024-11-25,2024-11,95,64236.0,3445.0,14.0,0.05363036303630363,i love fueling my body with what it craves here is how i nourish my body and stay energized ,0.05472009465097453
UCgNUeSxwTH5tE9Bgvzek-5Q,Loa9OZJRucM,The most delicious and refreshing smoothie to boost your immunity the upcoming winter months!,2024-11-22 05:06:31+00:00,2024-11-18,2024-11,93,47118.0,2436.0,6.0,0.051699987266012985,the most delicious and refreshing smoothie to boost your immunity the upcoming winter months,0.05233668661657965
UCgNUeSxwTH5tE9Bgvzek-5Q,fyRE3J5TIe0,My current workout split! üí™üèºüí™üèº,2024-11-20 02:42:02+00:00,2024-11-18,2024-11,30,168189.0,8537.0,34.0,0.05075837302082776,my current workout split ,0.05176914066912818
UCgNUeSxwTH5tE9Bgvzek-5Q,BEP5_2F5XUY,Our Black Friday sale is now live‚ú® Go to the SoulSyncBody site for 35% off!BLACKFRIDAY24 at checkout,2024-11-18 22:09:51+00:00,2024-11-18,2024-11,100,22583.0,657.0,3.0,0.02909268033476509,our black friday sale is now live go to the soulsyncbody site for 35 offblackfriday24 at checkout,0.02975689678076429
UCgNUeSxwTH5tE9Bgvzek-5Q,ezL7WBrzqGg,Here are some healthy and gut friendly recipes ideas for your Thursday ‚ò∫Ô∏èü•∞,2024-11-14 23:00:38+00:00,2024-11-11,2024-11,74,126448.0,6374.0,21.0,0.050408072883715044,here are some healthy and gut friendly recipes ideas for your thursday ,0.05123845375173985
UCgNUeSxwTH5tE9Bgvzek-5Q,HRlvWyam_G8,A Cozy Day in My Life in Los Angeles + What I Eat,2024-11-09 12:00:20+00:00,2024-11-04,2024-11,49,112256.0,2819.0,86.0,0.025112243443557582,a cozy day in my life in los angeles  what i eat,0.028942773660205246
UCeIPFjvrWjUVkGLpaMU57Ew,Yw6hUnwsdVY,Billie Eilish please reply @BillieEilish @ClaudiaSulewski @Finneasofficial,2024-05-24 08:03:26+00:00,2024-05-20,2024-05,74,30.0,3.0,0.0,0.1,billie eilish please reply billieeilish claudiasulewski finneasofficial,0.1
UCeIPFjvrWjUVkGLpaMU57Ew,zrQ8AajZtTA,Please tag @BillieEilish I want to give her this art piece!,2024-05-24 07:56:36+00:00,2024-05-20,2024-05,59,7.0,0.0,0.0,0.0,please tag billieeilish i want to give her this art piece,0.0
UCHj2_6e0Y2YdzHZDkkLa53Q,SjWQQw8S1Ug,Skincare Propaganda,2025-05-24 19:02:06+00:00,2025-05-19,2025-05,19,35860.0,736.0,35.0,0.02052426101505856,skincare propaganda,0.025404350250976017
UC4X_adKmAQoBItCF0JWj_Hg,9N8LRBhIMTM,*New* at the DRUGSTORE! Testing AFFORDABLE MAKEUP (May/June 2025),2025-05-26 19:58:20+00:00,2025-05-26,2025-05,65,53133.0,3272.0,114.0,0.061581314813769224,new at the drugstore testing affordable makeup mayjune 2025,0.07230911109856399
UC4X_adKmAQoBItCF0JWj_Hg,uIwHG-Vu2gs,Is this a dupe? ¬£4.99 vs ¬£19 blush duo/trio üëÄ Collection vs Morphe #blush #creamblush,2025-05-26 18:39:22+00:00,2025-05-26,2025-05,85,17949.0,1081.0,15.0,0.06022619644548443,is this a dupe 499 vs 19 blush duotrio  collection vs morphe blush creamblush,0.06440470221182239
UC4X_adKmAQoBItCF0JWj_Hg,ozkyIAog0CU,My CURRENT FAVS! Everyday makeup routine üíñ May 2025,2025-05-06 17:01:07+00:00,2025-05-05,2025-05,51,83086.0,4016.0,148.0,0.04833545964422406,my current favs everyday makeup routine  may 2025,0.057241893941217536
UC4X_adKmAQoBItCF0JWj_Hg,Jvfr_kNubkE,My thoughts on the new Revolution Wrap Lash tubing mascara üëÄ #mascara #tubingmascara,2025-05-06 10:41:11+00:00,2025-05-05,2025-05,84,22025.0,1240.0,35.0,0.05629965947786606,my thoughts on the new revolution wrap lash tubing mascara  mascara tubingmascara,0.06424517593643587
UC4X_adKmAQoBItCF0JWj_Hg,RcwfYoA1Knw,"Testing VIRAL makeup! (Rare Beauty Blushes, Milk Skin Tint, Merit Beauty, Fenty, Charlotte Tilbury)",2025-04-13 09:00:36+00:00,2025-04-07,2025-04,99,111097.0,5005.0,175.0,0.04505072144162309,testing viral makeup rare beauty blushes milk skin tint merit beauty fenty charlotte tilbury,0.052926721693655095
UC4X_adKmAQoBItCF0JWj_Hg,rBNdd93YjhI,"do you wanna be perfect? it doesn‚Äôt exist! makeup is fun, skin is skin, imperfections are normal",2025-04-02 20:16:16+00:00,2025-03-31,2025-04,96,58486.0,2256.0,25.0,0.038573333789282904,do you wanna be perfect it doesnt exist makeup is fun skin is skin imperfections are normal,0.04071059740792669
UC4X_adKmAQoBItCF0JWj_Hg,3sLnuqzD4sg,my current fav makeup products ü´∂üèºüíÑ#makeup #drugstoremakeup #dailymakeup,2025-03-23 19:22:49+00:00,2025-03-17,2025-03,71,28224.0,1851.0,29.0,0.06558248299319729,my current fav makeup products makeup drugstoremakeup dailymakeup,0.07071995464852608
UC4X_adKmAQoBItCF0JWj_Hg,VjoulzllKn8,Answering the same questions.. 10 YEARS LATER.,2025-03-02 21:57:42+00:00,2025-02-24,2025-03,46,129953.0,7041.0,423.0,0.05418112702284672,answering the same questions 10 years later,0.07045624187206144
UC4X_adKmAQoBItCF0JWj_Hg,nWDMX2iHbQw,We are having a ‚Ä¶ üë∂üèºüçºü´∂üèº,2025-02-04 20:45:53+00:00,2025-02-03,2025-02,23,115731.0,13948.0,444.0,0.12052086303583309,we are having a  ,0.13970327742782832
UC4X_adKmAQoBItCF0JWj_Hg,cqBZXwLrBq0,Testing TIKTOK VIRAL PRODUCTS November 2024...,2024-11-24 18:00:30+00:00,2024-11-18,2024-11,46,162943.0,7203.0,679.0,0.04420564246392911,testing tiktok viral products november 2024,0.0650411493589783
UC4X_adKmAQoBItCF0JWj_Hg,VXsE5LAliVg,Removing the Bratz Makeup Mask üòÇüëÑ #halloween #halloweenmakeup #bratz #bratzmakeup,2024-10-17 22:05:50+00:00,2024-10-14,2024-10,81,59763.0,2530.0,31.0,0.04233388551444874,removing the bratz makeup mask  halloween halloweenmakeup bratz bratzmakeup,0.044927463480748955
UC4X_adKmAQoBItCF0JWj_Hg,IKELuSn_9ms,Bratz Doll Face Makeup üëÑüëë inspired by @ planetberny üëª #halloween #halloweenmakeup #bratz,2024-10-17 16:47:18+00:00,2024-10-14,2024-10,88,80915.0,3914.0,72.0,0.0483717481307545,bratz doll face makeup  inspired by  planetberny  halloween halloweenmakeup bratz,0.05282086139776308
UC4X_adKmAQoBItCF0JWj_Hg,0i3YVZV52qc,2016 vs 2024 Autumn/Fall makeup üçÇ‚ú® #makeup #autumnmakeup #fallmakeup,2024-09-26 22:02:27+00:00,2024-09-23,2024-09,68,126819.0,5219.0,119.0,0.041153139513795255,2016 vs 2024 autumnfall makeup  makeup autumnmakeup fallmakeup,0.045844865516996666
UC4X_adKmAQoBItCF0JWj_Hg,5YsEUSOQRe4,Autumn nail inspo üåôüçÇ‚ú® design inspired by @naileditwithshay on insta! #nailart #nails #autumn,2024-09-18 20:44:57+00:00,2024-09-16,2024-09,92,12200.0,869.0,12.0,0.07122950819672132,autumn nail inspo  design inspired by naileditwithshay on insta nailart nails autumn,0.07614754098360656
UC4X_adKmAQoBItCF0JWj_Hg,Abjv6_xSohI,Recreating @TaylorSwift VMAs Makeup üõ∏ü©∂‚ú®üíö #makeup #taylorswift #celebritymakeup,2024-09-12 21:39:44+00:00,2024-09-09,2024-09,78,18395.0,1437.0,30.0,0.07811905409078554,recreating taylorswift vmas makeup  makeup taylorswift celebritymakeup,0.08627344387061701
UC4X_adKmAQoBItCF0JWj_Hg,VYiPy_6gDP8,Soooo what should I do with my hair next? ü§î #haircolor #haircolour #hairfilter,2024-09-11 23:22:52+00:00,2024-09-09,2024-09,78,36420.0,1406.0,337.0,0.0386051619989017,soooo what should i do with my hair next  haircolor haircolour hairfilter,0.08487095002745744
UC4X_adKmAQoBItCF0JWj_Hg,MMwfDnXn4BY,Testing New *DRUGSTORE* Makeup - Sabrina Carpenter Inspired!,2024-09-05 18:54:00+00:00,2024-09-02,2024-09,60,157284.0,6143.0,189.0,0.03905673812975255,testing new drugstore makeup  sabrina carpenter inspired,0.045064978001576765
UC4X_adKmAQoBItCF0JWj_Hg,9m9EnaXBJXI,"The *exact* products I used on my WEDDING DAY! (and ALL the wedding details!!) Budget, regrets, etc",2024-07-31 21:21:25+00:00,2024-07-29,2024-07,99,198809.0,6833.0,1349.0,0.03436967139314619,the exact products i used on my wedding day and all the wedding details budget regrets etc,0.06829670688952713
UC4X_adKmAQoBItCF0JWj_Hg,FEEB-C9z4Ak,Fully DRUGSTORE Bridal Makeup Tutorial 2024,2024-05-31 20:06:54+00:00,2024-05-27,2024-05,43,135199.0,5797.0,276.0,0.04287753607645027,fully drugstore bridal makeup tutorial 2024,0.05308471216503081
UC4X_adKmAQoBItCF0JWj_Hg,6dWv3el7ykQ,Makeup I‚Äôd wear to an Olivia Rodrigo Concert! üíúüíã #oliviarodrigo #makeup #grwm,2024-05-20 16:54:36+00:00,2024-05-20,2024-05,77,30757.0,2731.0,89.0,0.08879279513606658,makeup id wear to an olivia rodrigo concert  oliviarodrigo makeup grwm,0.1032610462658907
UC4X_adKmAQoBItCF0JWj_Hg,OqeWBJJHXa8,Beyonc√©‚Äôs makeup but make it drugstore ü§†‚ú®üòç #beyonce #makeup #celebritymakeup #cowboycarter,2024-04-04 22:31:59+00:00,2024-04-01,2024-04,90,51618.0,3343.0,60.0,0.06476422953233368,beyonc√©s makeup but make it drugstore  beyonce makeup celebritymakeup cowboycarter,0.07057615560463404
UC4X_adKmAQoBItCF0JWj_Hg,uNMEZN2OmjI,How I *glow up* with NO MAKEUP ‚ú® High maintenance things I do to be low maintenance,2024-03-26 22:06:11+00:00,2024-03-25,2024-03,83,111990.0,5272.0,212.0,0.04707563175283507,how i glow up with no makeup  high maintenance things i do to be low maintenance,0.05654076256808643
UC4X_adKmAQoBItCF0JWj_Hg,zlfEqp7-b0Y,Sabrina Carpenter Makeup üíñü™©üé§ #sabrinacarpenter #erastour #makeup #celebritymakeup,2024-03-12 00:18:31+00:00,2024-03-11,2024-03,81,434053.0,31187.0,247.0,0.07185067261371307,sabrina carpenter makeup  sabrinacarpenter erastour makeup celebritymakeup,0.0746959472691123
UC4X_adKmAQoBItCF0JWj_Hg,2Ja-cckoOdc,Testing NEW VIRAL Tiktok Makeup products..üíÑ February 2024,2024-02-14 18:15:41+00:00,2024-02-12,2024-02,57,224181.0,8283.0,206.0,0.036947823410547725,testing new viral tiktok makeup products february 2024,0.041542325174747194
UC4X_adKmAQoBItCF0JWj_Hg,yu8nk3-v1So,So ghd have some new technology... these are my honest thoughts ü§î ghd Chronos VS Platinum,2024-02-07 22:04:50+00:00,2024-02-05,2024-02,89,94916.0,3536.0,194.0,0.03725399300434068,so ghd have some new technology these are my honest thoughts  ghd chronos vs platinum,0.04747355556492056
UC4X_adKmAQoBItCF0JWj_Hg,43dpNMV0g0E,Chatty Makeup GRWM - Life Update! Answering your questions!!,2024-02-01 19:20:12+00:00,2024-01-29,2024-02,60,111536.0,5701.0,311.0,0.05111354181609525,chatty makeup grwm  life update answering your questions,0.06505522880504949
UC4X_adKmAQoBItCF0JWj_Hg,OLVYMHd0Ybs,What to do with makeup you HATE üëÄ Alternate uses for makeup products!! #makeuphacks #makeup,2023-11-09 18:26:47+00:00,2023-11-06,2023-11,91,215376.0,15574.0,97.0,0.07231074957284006,what to do with makeup you hate  alternate uses for makeup products makeuphacks makeup,0.07456262536215734
UC4X_adKmAQoBItCF0JWj_Hg,KwVp03Xw-DA,I followed a FLAWLESS *RED CARPET* MAKEUP tutorial üî•,2023-11-09 17:59:52+00:00,2023-11-06,2023-11,52,150690.0,7552.0,317.0,0.0501161324573628,i followed a flawless red carpet makeup tutorial ,0.06063441502422191
UC4X_adKmAQoBItCF0JWj_Hg,gPGAhK6LwGk,Halloween is cool üßú‚Äç‚ôÄÔ∏èüêüüêö #mermaid #mermaidmakeup #halloween #halloween2023 #halloweenmakeup,2023-10-31 13:16:28+00:00,2023-10-30,2023-10,91,33792.0,2123.0,19.0,0.06282552083333333,halloween is cool  mermaid mermaidmakeup halloween halloween2023 halloweenmakeup,0.06563683712121213
UC4X_adKmAQoBItCF0JWj_Hg,pjpyQyZJR3Q,Another DUPE? üëÄ‚ú®üíÑ #ysl #elf #revlon #makeupdupes #dupe #makeup,2023-09-19 18:10:24+00:00,2023-09-18,2023-09,62,42733.0,2719.0,25.0,0.06362764140125898,another dupe  ysl elf revlon makeupdupes dupe makeup,0.06655278122294246
UC4X_adKmAQoBItCF0JWj_Hg,cJaZJzTzMU8,Things I bought because of the *original* beauty gurus.. that I still use! #makeup #beauty #lipstick,2023-08-07 21:38:20+00:00,2023-08-07,2023-08,100,186133.0,11548.0,76.0,0.06204165838405871,things i bought because of the original beauty gurus that i still use makeup beauty lipstick,0.06408320931806827
UC4X_adKmAQoBItCF0JWj_Hg,A9tg1svcq0s,Getting rid of my makeup. HUGE makeup *DECLUTTER*,2023-08-07 20:00:05+00:00,2023-08-07,2023-08,49,374292.0,11845.0,493.0,0.03164641509837239,getting rid of my makeup huge makeup declutter,0.03823218236029624
UC4X_adKmAQoBItCF0JWj_Hg,V_vXha5RPlM,Does setting spray actually work??? ü§î #makeup #makeuptest #settingspray,2023-07-30 11:53:43+00:00,2023-07-24,2023-07,71,252832.0,12573.0,118.0,0.04972867358562207,does setting spray actually work  makeup makeuptest settingspray,0.05206223895709404
UC4X_adKmAQoBItCF0JWj_Hg,DaaXfPgq82g,I Can See You üëÄüíú Makeup Transition #Icanseeyou #speaknowtv #makeup #taylorswift,2023-07-22 08:01:38+00:00,2023-07-17,2023-07,79,49118.0,2952.0,37.0,0.06010016694490818,i can see you  makeup transition icanseeyou speaknowtv makeup taylorswift,0.06386660694653691
UC4X_adKmAQoBItCF0JWj_Hg,datQA7ytqDc,Roll for Makeup! üé≤üíÑüíú #makeup #makeupchallenge #makeuproulette,2023-07-20 20:44:25+00:00,2023-07-17,2023-07,61,92826.0,5610.0,50.0,0.060435653803891154,roll for makeup  makeup makeupchallenge makeuproulette,0.06312886475771874
UC4X_adKmAQoBItCF0JWj_Hg,P_p9tQjSLzU,"NEW IN makeup launches! (NYX Barbie, Nars Afterglow, Charlotte Tilbury Airbrush Lip + Hydrator Mist)",2023-07-18 17:28:39+00:00,2023-07-17,2023-07,100,158635.0,8033.0,201.0,0.050638257635452454,new in makeup launches nyx barbie nars afterglow charlotte tilbury airbrush lip  hydrator mist,0.05697355564661014
UC4X_adKmAQoBItCF0JWj_Hg,CQdlDW-7t7o,5 More Underrated Makeup Products üíÑ #Makeup #top5,2023-07-11 17:43:09+00:00,2023-07-10,2023-07,49,40509.0,2221.0,21.0,0.0548273223234343,5 more underrated makeup products  makeup top5,0.05741933891234047
UC4X_adKmAQoBItCF0JWj_Hg,R4H2fS6_3fU,Trying the ‚ÄúBarbie Contour‚Äù Filter üò≥üíñ,2023-05-21 20:32:10+00:00,2023-05-15,2023-05,37,69358.0,2404.0,14.0,0.03466074569624268,trying the barbie contour filter ,0.03567000201851264
UC4X_adKmAQoBItCF0JWj_Hg,pf49myA8lUs,5 March Makeup Favourites! ‚ù§Ô∏è #makeup #makeupfavorites #top5,2023-04-02 20:55:35+00:00,2023-03-27,2023-04,60,71586.0,4270.0,42.0,0.059648534629676196,5 march makeup favourites  makeup makeupfavorites top5,0.06258206911966027
UCbegJy6wtrArpM28zdvM2Aw,KHG4QuVUQ3M,The 3 Reasons Why You‚Äôll Fail Your New Year‚Äôs Goals (Unless You Do This) üåü üí™,2025-01-19 11:00:21+00:00,2025-01-13,2025-01,76,49.0,2.0,5.0,0.04081632653061224,the 3 reasons why youll fail your new years goals unless you do this  ,0.5510204081632653
UCbegJy6wtrArpM28zdvM2Aw,-z6XsjHeqzI,"The sun finally showed up, and so did my outfit. #christmasfashion #partywear #festiveseason",2024-12-18 19:20:24+00:00,2024-12-16,2024-12,92,65.0,0.0,0.0,0.0,the sun finally showed up and so did my outfit christmasfashion partywear festiveseason,0.0
UCbegJy6wtrArpM28zdvM2Aw,HqqwnHNuNB8,Luxury Bag Collection,2024-12-05 13:39:56+00:00,2024-12-02,2024-12,21,1692.0,89.0,8.0,0.05260047281323877,luxury bag collection,0.07624113475177305
UCbegJy6wtrArpM28zdvM2Aw,zEV34Ckng-Y,This is the most beautiful shirt dress !@karen_millen @lydiamillen #kmxme #lydiamillen #karenmillen,2024-07-11 08:01:28+00:00,2024-07-08,2024-07,99,504.0,9.0,0.0,0.017857142857142856,this is the most beautiful shirt dress karen_millen lydiamillen kmxme lydiamillen karenmillen,0.017857142857142856
UCbegJy6wtrArpM28zdvM2Aw,jU1J2Nwj3Qc,Lydia Millen by Karen Millen #hmhaul #hm #lydiamillen #ootd #greenfashion #evergreengirls #fyp,2024-05-28 19:42:20+00:00,2024-05-27,2024-05,94,437.0,4.0,0.0,0.009153318077803204,lydia millen by karen millen hmhaul hm lydiamillen ootd greenfashion evergreengirls fyp,0.009153318077803204
UCbegJy6wtrArpM28zdvM2Aw,JoQ4By1Z7k4,Hourglass Phantom Lipstick üí´ #hourglasscosmetics #glossylips #beauty #beautyblogger #fashion #ootd,2024-05-03 20:14:25+00:00,2024-04-29,2024-05,98,280.0,5.0,2.0,0.017857142857142856,hourglass phantom lipstick  hourglasscosmetics glossylips beauty beautyblogger fashion ootd,0.05357142857142857
UCbegJy6wtrArpM28zdvM2Aw,NyljELBnbug,Trying out @nakdfashion x @allchloerose #nakdfashion #springsummer #bridal #fashion,2024-05-03 20:07:49+00:00,2024-04-29,2024-05,83,778.0,18.0,1.0,0.02313624678663239,trying out nakdfashion x allchloerose nakdfashion springsummer bridal fashion,0.02956298200514139
UCvFyPrPVotqsTlqxUmAOYRw,uyU4SLiHMnI,PMDD Diaries (Extreme PMS),2025-05-28 12:02:46+00:00,2025-05-26,2025-05,26,5445.0,256.0,21.0,0.047015610651974286,pmdd diaries extreme pms,0.06629935720844812
UCvFyPrPVotqsTlqxUmAOYRw,kJaS8SHKBpw,London Flat Tour: My Home Is My Sanctuary | Est√©e Lalonde,2025-05-25 16:01:09+00:00,2025-05-19,2025-05,57,71341.0,2869.0,195.0,0.04021530396265822,london flat tour my home is my sanctuary  est√©e lalonde,0.053882059404830325
UCvFyPrPVotqsTlqxUmAOYRw,s-ll3X4Bhl0,GRWM: My Honest Relationship with Beauty | Est√©e Lalonde,2025-05-18 16:00:06+00:00,2025-05-12,2025-05,56,56077.0,1942.0,170.0,0.0346309538670043,grwm my honest relationship with beauty  est√©e lalonde,0.04978868341744387
UCvFyPrPVotqsTlqxUmAOYRw,ox2PNu6_eQg,Coming Back To Myself üíá‚Äç‚ôÄÔ∏è | Est√©e Lalonde,2025-05-16 09:03:58+00:00,2025-05-12,2025-05,42,77634.0,1392.0,60.0,0.01793028827575547,coming back to myself   est√©e lalonde,0.021794574542082078
UCvFyPrPVotqsTlqxUmAOYRw,KOUid9TBxa8,GRWM in the Maldives! ü©µüå¥üêö | Est√©e Lalonde,2025-04-23 09:19:31+00:00,2025-04-21,2025-04,41,19886.0,385.0,12.0,0.01936035401790204,grwm in the maldives   est√©e lalonde,0.022377552046665996
UCvFyPrPVotqsTlqxUmAOYRw,_3JfQtV-Skg,Empty Products (Spring 2025) | Est√©e Lalonde,2025-04-13 18:00:36+00:00,2025-04-07,2025-04,44,35880.0,1260.0,95.0,0.03511705685618729,empty products spring 2025  est√©e lalonde,0.04835562987736901
UCvFyPrPVotqsTlqxUmAOYRw,-aYQjvHWSOg,SHOOTING WITH DAISY LONDON! üíé | PT 1 | Est√©e Lalonde,2025-04-03 17:00:02+00:00,2025-03-31,2025-04,52,17078.0,162.0,1.0,0.009485888277315845,shooting with daisy london   pt 1  est√©e lalonde,0.00977866260686263
UCvFyPrPVotqsTlqxUmAOYRw,5vK80GKDMIY,March Beauty Favourites | Est√©e Lalonde,2025-04-02 18:00:07+00:00,2025-03-31,2025-04,39,46676.0,1541.0,71.0,0.03301482560630731,march beauty favourites  est√©e lalonde,0.04062044733910361
UCvFyPrPVotqsTlqxUmAOYRw,U0Bga8_Z96g,COME BTS ON A MIRROR WATER PHOTOSHOOT! ‚ú® | Est√©e Lalonde,2025-04-02 11:34:55+00:00,2025-03-31,2025-04,56,15921.0,268.0,3.0,0.01683311349789586,come bts on a mirror water photoshoot   est√©e lalonde,0.01777526537277809
UCvFyPrPVotqsTlqxUmAOYRw,4rj1PWKcx9w,‚ú® February Beauty Favourites ‚ú® | Est√©e Lalonde,2025-03-02 13:00:06+00:00,2025-02-24,2025-03,46,58314.0,1975.0,120.0,0.03386836780190006, february beauty favourites   est√©e lalonde,0.044157492197414
UCvFyPrPVotqsTlqxUmAOYRw,kXh8IZ8CAK8,Quality Control and Sunday Reset | Est√©e Lalonde,2025-02-20 17:00:53+00:00,2025-02-17,2025-02,48,52980.0,1791.0,141.0,0.033805209513023786,quality control and sunday reset  est√©e lalonde,0.04711211778029445
UCvFyPrPVotqsTlqxUmAOYRw,BKF5EicmkUM,Fun Week in January ‚ú® | Est√©e Lalonde,2025-01-27 18:00:09+00:00,2025-01-27,2025-01,37,84862.0,2213.0,110.0,0.026077631920058447,fun week in january   est√©e lalonde,0.03255874242888454
UCvFyPrPVotqsTlqxUmAOYRw,W2hA6siD_EU,BOOKS FOR YOUR 2025 REBRAND | #shorts | Est√©e Lalonde,2025-01-19 16:00:35+00:00,2025-01-13,2025-01,53,11223.0,250.0,2.0,0.02227568386349461,books for your 2025 rebrand  shorts  est√©e lalonde,0.023166711218034392
UCvFyPrPVotqsTlqxUmAOYRw,jcEKt6LMuAE,HOW I KNEW IT WAS TIME TO START MY BRAND! | #shorts | Est√©e Lalonde,2025-01-17 16:00:46+00:00,2025-01-13,2025-01,67,19212.0,349.0,13.0,0.018165729752238183,how i knew it was time to start my brand  shorts  est√©e lalonde,0.021549031855090568
UCvFyPrPVotqsTlqxUmAOYRw,7J20d3I7kRY,MY EVERYDAY RING STACK ‚ú® | #shorts | Est√©e Lalonde,2025-01-15 16:00:07+00:00,2025-01-13,2025-01,50,12159.0,280.0,5.0,0.023028209556706966,my everyday ring stack   shorts  est√©e lalonde,0.02508429969569866
UCvFyPrPVotqsTlqxUmAOYRw,Y81hU_ybZFE,GEMSTONE BIAB MANICURE üíé | #shorts | Est√©e Lalonde,2025-01-13 16:00:29+00:00,2025-01-13,2025-01,50,10676.0,281.0,13.0,0.026320719370550767,gemstone biab manicure   shorts  est√©e lalonde,0.03240914200074935
UCvFyPrPVotqsTlqxUmAOYRw,yF78QFyj_bU,LOUISE CARMEN JOURNAL TOUR ‚ú® PT 2 | #shorts | Est√©e Lalonde,2025-01-11 16:01:02+00:00,2025-01-06,2025-01,59,10484.0,263.0,9.0,0.02508584509729111,louise carmen journal tour  pt 2  shorts  est√©e lalonde,0.029378099961846624
UCvFyPrPVotqsTlqxUmAOYRw,OUbGQTdMErE,LOUISE CARMEN JOURNAL TOUR ‚ú® PT 1 | #shorts | Est√©e Lalonde,2025-01-10 16:00:21+00:00,2025-01-06,2025-01,59,12907.0,349.0,7.0,0.027039590919656,louise carmen journal tour  pt 1  shorts  est√©e lalonde,0.029751297745409466
UCvFyPrPVotqsTlqxUmAOYRw,TgnhY1hQAEg,MY BACKWARDS MAKEUP METHOD üëÑ | #shorts | Est√©e Lalonde,2025-01-08 16:00:27+00:00,2025-01-06,2025-01,54,15116.0,431.0,13.0,0.028512834083090764,my backwards makeup method   shorts  est√©e lalonde,0.032812913469171735
UCvFyPrPVotqsTlqxUmAOYRw,6BGJb5iH_Uk,TAKING IT DAY BY DAY | Est√©e Lalonde,2024-12-15 17:00:05+00:00,2024-12-09,2024-12,36,135229.0,4336.0,633.0,0.03206412825651302,taking it day by day  est√©e lalonde,0.05546887132197975
UCvFyPrPVotqsTlqxUmAOYRw,4jcM-cipldU,GRWM to celebrate the launch of BUTTER BRICK! üßà | Est√©e Lalonde,2024-12-06 12:00:25+00:00,2024-12-02,2024-12,63,18833.0,350.0,19.0,0.01858439972388892,grwm to celebrate the launch of butter brick   est√©e lalonde,0.023628736791801625
UCvFyPrPVotqsTlqxUmAOYRw,LCBFpWUgDsE,48 (ish) HOURS IN MY LIFE | Est√©e Lalonde,2024-11-29 18:00:20+00:00,2024-11-25,2024-11,41,124895.0,4332.0,495.0,0.03468513551383162,48 ish hours in my life  est√©e lalonde,0.05450178149645702
UCvFyPrPVotqsTlqxUmAOYRw,T6VCXgIClF0,Who is she? Hair transformation üíáüèº‚Äç‚ôÄÔ∏è | Est√©e Lalonde,2024-11-29 16:03:29+00:00,2024-11-25,2024-11,53,30254.0,850.0,39.0,0.028095458451774972,who is she hair transformation   est√©e lalonde,0.03454088715541746
UCvFyPrPVotqsTlqxUmAOYRw,3MCr5xSc7fg,Time to switch things up ‚úÇÔ∏è | Est√©e Lalonde,2024-11-29 15:52:09+00:00,2024-11-25,2024-11,43,10465.0,220.0,2.0,0.0210224558050645,time to switch things up   est√©e lalonde,0.02197802197802198
UCvFyPrPVotqsTlqxUmAOYRw,tCc_-5q4avo,A PRODUCTIVE DAY IN MY LIFE | Est√©e Lalonde,2024-11-20 17:00:52+00:00,2024-11-18,2024-11,43,47111.0,1473.0,95.0,0.031266583175903716,a productive day in my life  est√©e lalonde,0.0413491541253635
UCvFyPrPVotqsTlqxUmAOYRw,vM4oSnanFHA,HIGHS AND LOWS | Est√©e Lalonde,2024-10-03 19:00:28+00:00,2024-09-30,2024-10,30,132750.0,3448.0,389.0,0.025973634651600755,highs and lows  est√©e lalonde,0.040625235404896425
UCvFyPrPVotqsTlqxUmAOYRw,AfRb1o7PHBA,10 things that make my life easier and better üëÄ | #shorts,2024-09-27 14:00:09+00:00,2024-09-23,2024-09,57,77188.0,1322.0,31.0,0.01712701456184899,10 things that make my life easier and better   shorts,0.019135098720008292
UCvFyPrPVotqsTlqxUmAOYRw,1el7YOfNmX8,Night time depression is real! ü•π | #shorts,2024-09-26 14:00:01+00:00,2024-09-23,2024-09,42,37333.0,1202.0,72.0,0.03219671604210752,night time depression is real   shorts,0.041839659282672165
UCvFyPrPVotqsTlqxUmAOYRw,BRz8fVBbdDU,Come with me to launch MIRROR WATER at Oh My Cream! ü•êüá¨üáß | #shorts,2024-09-25 14:00:09+00:00,2024-09-23,2024-09,65,14602.0,321.0,9.0,0.021983289960279415,come with me to launch mirror water at oh my cream   shorts,0.02506505958087933
UCvFyPrPVotqsTlqxUmAOYRw,BFpfP27ahvk,TRYING TO FEEL MORE GROUNDED | Est√©e Lalonde,2024-09-22 20:00:02+00:00,2024-09-16,2024-09,44,101014.0,3199.0,220.0,0.03166887758132536,trying to feel more grounded  est√©e lalonde,0.042558457243550396
UCvFyPrPVotqsTlqxUmAOYRw,yE0cCdxoVq4,Bling bling for my birthday üíéüòÇ | #shorts,2024-09-07 15:00:59+00:00,2024-09-02,2024-09,40,15360.0,164.0,6.0,0.010677083333333334,bling bling for my birthday   shorts,0.012630208333333334
UCvFyPrPVotqsTlqxUmAOYRw,I6qcDP6gl_s,August Recap ü•∞ What a Month! | #shorts #minivlog,2024-09-06 15:00:15+00:00,2024-09-02,2024-09,48,20179.0,610.0,10.0,0.0302294464542346,august recap  what a month  shorts minivlog,0.03270726993408989
UCvFyPrPVotqsTlqxUmAOYRw,AxNg7ISVkL0,GRWM for my Daisy Launch Party! üíé | #shorts,2024-09-04 12:49:12+00:00,2024-09-02,2024-09,43,19516.0,521.0,20.0,0.026696044271367084,grwm for my daisy launch party   shorts,0.031820045091207214
UCvFyPrPVotqsTlqxUmAOYRw,wfqCXJ4FNmw,MY BIRTHDAY WEEKEND | Est√©e Lalonde,2024-08-25 16:00:59+00:00,2024-08-19,2024-08,35,82551.0,2497.0,196.0,0.030247967922859807,my birthday weekend  est√©e lalonde,0.042119417087618564
UCvFyPrPVotqsTlqxUmAOYRw,nTr7v9GRB9A,BURRITOS + BOTOX | Est√©e Lalonde,2024-08-11 16:00:41+00:00,2024-08-05,2024-08,32,116336.0,3700.0,237.0,0.03180442855178105,burritos  botox  est√©e lalonde,0.04199044147985147
UCvFyPrPVotqsTlqxUmAOYRw,HtutBBC8Imw,"HUNZA G POP-UP, ACUPUNCTURE, BEAUTY SHOPPING and HOME LIFE |   Est√©e Lalonde",2024-07-06 16:00:13+00:00,2024-07-01,2024-07,76,64392.0,1486.0,104.0,0.023077400919368867,hunza g popup acupuncture beauty shopping and home life    est√©e lalonde,0.031152938253199154
UCvFyPrPVotqsTlqxUmAOYRw,MMiGDIfO90w,"WEDDING VENUE, PHOTOSHOOT + OUR ANNIVERSARY | Est√©e Lalonde",2024-05-27 16:26:41+00:00,2024-05-27,2024-05,59,114951.0,2189.0,125.0,0.01904289653852511,wedding venue photoshoot  our anniversary  est√©e lalonde,0.024479995824307748
UCvFyPrPVotqsTlqxUmAOYRw,s6Vow20KN50,SPRING FAVOURITES | Est√©e Lalonde,2024-05-08 16:00:48+00:00,2024-05-06,2024-05,33,53603.0,1235.0,115.0,0.023039755237579986,spring favourites  est√©e lalonde,0.03376676678544111
UCvFyPrPVotqsTlqxUmAOYRw,79rcnbHk30s,NON-STOP WEEK! | Est√©e Lalonde,2024-03-10 12:00:07+00:00,2024-03-04,2024-03,30,53141.0,1330.0,0.0,0.02502775634632393,nonstop week  est√©e lalonde,0.02502775634632393
UCCydBRF6RjrT58FV6KO-wwg,kPa_l59juAg,IS This WATERPROOF Makeup?!,2025-05-27 13:01:20+00:00,2025-05-26,2025-05,27,21255.0,2000.0,191.0,0.09409550693954363,is this waterproof makeup,0.13902611150317573
UCCydBRF6RjrT58FV6KO-wwg,MSm2kUbrakc,MY SKINCARE HOLY GRAILS!,2025-05-24 13:00:40+00:00,2025-05-19,2025-05,24,58085.0,3670.0,339.0,0.0631832659034174,my skincare holy grails,0.09236463803047258
UCCydBRF6RjrT58FV6KO-wwg,UWhfTtYUd0c,$17.99 VS. $250 FOUNDATION! #loreal #drugstoremakeup #luxurymakeup,2025-05-20 15:03:20+00:00,2025-05-19,2025-05,66,101438.0,3732.0,105.0,0.0367909461937341,1799 vs 250 foundation loreal drugstoremakeup luxurymakeup,0.04196652142195233
UCCydBRF6RjrT58FV6KO-wwg,1sFmFC5R6-Q,One of BEST L‚ÄôOr√©al Products on the Planet #drugstoremakeup #promakeupartist,2025-05-19 22:29:30+00:00,2025-05-19,2025-05,76,61387.0,2817.0,39.0,0.04588919478065388,one of best lor√©al products on the planet drugstoremakeup promakeupartist,0.04906576310945314
UCCydBRF6RjrT58FV6KO-wwg,iVXzlwHBxjY,DON‚ÄôT DO THIS with your Color Corrector #hudabeauty #makeuptips,2025-05-01 15:19:16+00:00,2025-04-28,2025-05,63,68218.0,3817.0,82.0,0.055952974288311,dont do this with your color corrector hudabeauty makeuptips,0.06196311823858806
UCCydBRF6RjrT58FV6KO-wwg,ou5WYkpMuPQ,Makeup TIPS EVERYONE Should Know!!!,2025-04-26 13:01:18+00:00,2025-04-21,2025-04,35,194727.0,10844.0,711.0,0.05568821991814181,makeup tips everyone should know,0.07394454800823717
UCCydBRF6RjrT58FV6KO-wwg,tMG88zPLyDI,New Makeup I could NOT PUT DOWN! #dior #halfmagic #yslbeauty,2025-04-22 15:59:25+00:00,2025-04-21,2025-04,60,98572.0,5523.0,179.0,0.05603010997037698,new makeup i could not put down dior halfmagic yslbeauty,0.06510976747960881
UCCydBRF6RjrT58FV6KO-wwg,hM586GkYx6A,When it comes to Mascara: SAVE YOUR MONEY! #drugstoremakeup #mascara #loreal #essencemascara #makeup,2025-04-16 16:51:33+00:00,2025-04-14,2025-04,100,62531.0,3705.0,114.0,0.05925061169659849,when it comes to mascara save your money drugstoremakeup mascara loreal essencemascara makeup,0.0683660904191521
UCCydBRF6RjrT58FV6KO-wwg,I6sIu4_uClI,"Buy This, NOT This: Liquid Blush #sephorasavingsevent #hudabeauty #armani",2025-04-11 16:01:45+00:00,2025-04-07,2025-04,73,45823.0,1888.0,28.0,0.04120201645461886,buy this not this liquid blush sephorasavingsevent hudabeauty armani,0.04425725072561814
UCCydBRF6RjrT58FV6KO-wwg,-8klNTYiDwI,"Buy This, NOT This: PRESSED POWDERS #sephorasavingsevent #makeupartist #pressedpowder",2025-04-10 17:16:23+00:00,2025-04-07,2025-04,85,109772.0,4369.0,97.0,0.03980067776846555,buy this not this pressed powders sephorasavingsevent makeupartist pressedpowder,0.04421892650220457
UCCydBRF6RjrT58FV6KO-wwg,yQ-mDRqWTAw,New releases + GIVEAWAY!!,2025-03-16 18:42:29+00:00,2025-03-10,2025-03,25,28615.0,2869.0,3056.0,0.100262100297047,new releases  giveaway,0.6342477721474751
UCCydBRF6RjrT58FV6KO-wwg,L6yvr6PY5G8,Luxury Liquid Blush vs. Drugstore #makeupartist #drugstoremakeup #makeupreview #liquidblush,2025-03-15 12:50:00+00:00,2025-03-10,2025-03,91,35494.0,2200.0,27.0,0.06198230686876655,luxury liquid blush vs drugstore makeupartist drugstoremakeup makeupreview liquidblush,0.06578576660844086
UCCydBRF6RjrT58FV6KO-wwg,Zrq-ARxw65E,Are LUXURY powder Bronzers worth the Splurge? #bronxer #luxury #luxurymakeup #drugstoremakeup,2025-03-13 22:08:15+00:00,2025-03-10,2025-03,93,51738.0,3198.0,63.0,0.061811434535544475,are luxury powder bronzers worth the splurge bronxer luxury luxurymakeup drugstoremakeup,0.06789980285283544
UCCydBRF6RjrT58FV6KO-wwg,-qGTzMf80Wo,Have you tried this Formula from #Merit ? #lipoil #makeupreview #sephorahaul #meritbeauty #makeup,2025-02-25 18:57:47+00:00,2025-02-24,2025-02,97,15653.0,988.0,25.0,0.06311889094742222,have you tried this formula from merit  lipoil makeupreview sephorahaul meritbeauty makeup,0.07110458059157988
UCCydBRF6RjrT58FV6KO-wwg,eGcw3Z7HGfE,Sunday Morning LIVE GRWM + GIVEAWAY ü•≥,2025-02-23 19:44:12+00:00,2025-02-17,2025-02,37,26615.0,1823.0,2062.0,0.06849520946834492,sunday morning live grwm  giveaway ,0.45587074957730606
UCCydBRF6RjrT58FV6KO-wwg,lGA2eluCALU,My Pro makeup kit got OVERHAULED!! Watch the full video now on my channel #makeupartist #pro #makeup,2025-02-21 22:24:47+00:00,2025-02-17,2025-02,100,21327.0,1254.0,35.0,0.05879870586580391,my pro makeup kit got overhauled watch the full video now on my channel makeupartist pro makeup,0.06700426689173349
UCCydBRF6RjrT58FV6KO-wwg,XYTXFh42TVw,LIVE GRWM + GIVEAWAY ü•≥,2025-02-09 19:46:55+00:00,2025-02-03,2025-02,22,37046.0,2581.0,3923.0,0.06967013982616208,live grwm  giveaway ,0.5991470064244453
UCCydBRF6RjrT58FV6KO-wwg,TuVR16WVkd0,Testing New Makeup releases!,2025-01-26 19:43:18+00:00,2025-01-20,2025-01,28,49913.0,2441.0,204.0,0.04890509486506521,testing new makeup releases,0.06934065273576022
UCCydBRF6RjrT58FV6KO-wwg,86l0xzYBjBQ,GIVENCHY VS.  MELT: Powder Showdown #bestloosepowder #luxurymakeup #givenchy #meltcosmetics,2025-01-21 01:43:34+00:00,2025-01-20,2025-01,91,12909.0,941.0,38.0,0.07289487954140522,givenchy vs  melt powder showdown bestloosepowder luxurymakeup givenchy meltcosmetics,0.08761329305135952
UCCydBRF6RjrT58FV6KO-wwg,AW1PdBpeoOM,Makeup By Nikki La Rose is live!,2025-01-19 19:45:11+00:00,2025-01-13,2025-01,32,47187.0,2394.0,331.0,0.050734312416555405,makeup by nikki la rose is live,0.08580753173543561
UCCydBRF6RjrT58FV6KO-wwg,zTlycfCXKTc,‚ÄúCinnamon Spice‚Äù Inspired Lip Combo #drugstoremakeup #milanicosmetics #holidaymakeup #yslbeauty,2024-12-21 21:54:47+00:00,2024-12-16,2024-12,95,24437.0,2665.0,89.0,0.10905593976347343,cinnamon spice inspired lip combo drugstoremakeup milanicosmetics holidaymakeup yslbeauty,0.12726603101853745
UCCydBRF6RjrT58FV6KO-wwg,PPtUA6k2Anw,This combo is my HOLY GRAIL for the #Holidays #redlipstick #holidaymakeup #makeuptutorial #redlip,2024-12-10 18:24:32+00:00,2024-12-09,2024-12,97,57025.0,3796.0,86.0,0.06656729504603244,this combo is my holy grail for the holidays redlipstick holidaymakeup makeuptutorial redlip,0.07410784743533538
UCCydBRF6RjrT58FV6KO-wwg,H3IfIhZ0WN4,3 QUICK Makeup Mistakes to AVOID This Holiday Season,2024-12-10 14:00:17+00:00,2024-12-09,2024-12,52,55631.0,4745.0,251.0,0.08529417051643867,3 quick makeup mistakes to avoid this holiday season,0.10785353489960633
UCCydBRF6RjrT58FV6KO-wwg,a6PHJcb_F7k,NOVEMBER FAVORITES!!!,2024-12-03 14:00:00+00:00,2024-12-02,2024-12,21,44973.0,2889.0,288.0,0.06423854312587553,november favorites,0.09625775465279167
UCCydBRF6RjrT58FV6KO-wwg,am-JUNMXcNY,I SPLURGED on more stuff at the Sephora Savings Event #sephorahaul #sephorasavingsevent,2024-11-10 20:15:05+00:00,2024-11-04,2024-11,87,64412.0,3440.0,115.0,0.05340619760293113,i splurged on more stuff at the sephora savings event sephorahaul sephorasavingsevent,0.06233310563249084
UCCydBRF6RjrT58FV6KO-wwg,wwvCPqrnISY,Makeup By Nikki La Rose is live!,2024-11-10 19:42:47+00:00,2024-11-04,2024-11,32,28166.0,1672.0,105.0,0.059362351771639565,makeup by nikki la rose is live,0.07800184619754313
UCCydBRF6RjrT58FV6KO-wwg,AwU06AXGj0I,"THANK YOU, Thank you, Thank you! #makeupbynikkilarose #merch",2024-11-04 22:47:20+00:00,2024-11-04,2024-11,60,37724.0,3323.0,131.0,0.08808715936804157,thank you thank you thank you makeupbynikkilarose merch,0.10545011133495917
UCCydBRF6RjrT58FV6KO-wwg,eMLRCDqHlZA,‚ÄúBEST POWDERS‚Äù Sold at SEPHORA,2024-10-22 15:04:35+00:00,2024-10-21,2024-10,30,139705.0,6035.0,423.0,0.04319816756737411,best powders sold at sephora,0.05833721055080348
UCCydBRF6RjrT58FV6KO-wwg,xsbbgxSekbU,Foundation Hack #makeuptips #promakeupartist #begginermakeup,2024-10-22 13:42:15+00:00,2024-10-21,2024-10,60,556174.0,23730.0,208.0,0.04266650364813889,foundation hack makeuptips promakeupartist begginermakeup,0.04453642205496841
UCCydBRF6RjrT58FV6KO-wwg,vwHyvLYcSG0,Best Affordable Cream Bronzer #nyxcosmetics #drugstoremakeup #bronzer #beginnerfriendlymakeup,2024-10-08 17:11:41+00:00,2024-10-07,2024-10,93,55781.0,3004.0,51.0,0.0538534626485721,best affordable cream bronzer nyxcosmetics drugstoremakeup bronzer beginnerfriendlymakeup,0.05842491170828777
UCCydBRF6RjrT58FV6KO-wwg,9BihQTqORyg,THE BEST Mascara ‚ÄúCharlotte Tilbury‚Äù has put out. #macara #volume #luxurymakeup,2024-10-05 15:00:09+00:00,2024-09-30,2024-10,79,47513.0,2544.0,80.0,0.05354324079725549,the best mascara charlotte tilbury has put out macara volume luxurymakeup,0.06196198935028308
UCCydBRF6RjrT58FV6KO-wwg,MB21nzBKn70,Save This Video for Inspo #fallmakeup #falllipsticks #lauramercier #luxurymakeup,2024-09-29 19:19:04+00:00,2024-09-23,2024-09,80,32701.0,3019.0,75.0,0.09232133573896822,save this video for inspo fallmakeup falllipsticks lauramercier luxurymakeup,0.10378887495795236
UCCydBRF6RjrT58FV6KO-wwg,_DpCkk5vObY,FULL FACE: UNDER $50!?,2024-09-28 13:00:40+00:00,2024-09-23,2024-09,22,52857.0,3852.0,352.0,0.07287587263749362,full face under 50,0.10617325992772954
UCCydBRF6RjrT58FV6KO-wwg,XDfYdHRQlIw,Testing the LYS Stick Foundation: Love at First Swipe? #bestfoundations #stickfoundation,2024-09-25 01:00:16+00:00,2024-09-23,2024-09,88,52641.0,2585.0,79.0,0.04910620998841207,testing the lys stick foundation love at first swipe bestfoundations stickfoundation,0.056609866833836744
UCCydBRF6RjrT58FV6KO-wwg,J3L_RJ8sh74,This Beginner Friendly Blush will NOT Disappoint #drugstoremakeup #drugstoreblush #milani,2024-09-19 13:00:17+00:00,2024-09-16,2024-09,89,78949.0,4766.0,62.0,0.06036808572622832,this beginner friendly blush will not disappoint drugstoremakeup drugstoreblush milani,0.06429467124346097
UCCydBRF6RjrT58FV6KO-wwg,yNYZ2Q28fRs,FULL FACE: NEW MAKEUP PT.2 #newmakeupproducts #makeupbymario #milkmakeup #sephora,2024-09-17 04:05:26+00:00,2024-09-16,2024-09,81,42669.0,2788.0,47.0,0.06534017670908622,full face new makeup pt2 newmakeupproducts makeupbymario milkmakeup sephora,0.07084768801706157
UCCydBRF6RjrT58FV6KO-wwg,sEbBFDTTBaI,Makeup By Nikki La Rose is live!,2024-09-15 19:15:02+00:00,2024-09-09,2024-09,32,36593.0,2138.0,212.0,0.05842647500888148,makeup by nikki la rose is live,0.08739376383461318
UCCydBRF6RjrT58FV6KO-wwg,FTyxdMFmEi4,"Quick, Easy, Every Day Glam #everydaymakeup",2024-08-31 02:15:55+00:00,2024-08-26,2024-08,43,142954.0,8552.0,157.0,0.05982343970787806,quick easy every day glam everydaymakeup,0.06531471662213019
UCCydBRF6RjrT58FV6KO-wwg,rKAdwPqYKhc,What I do to unwind‚Ä¶ #spotify #organize,2024-08-29 15:28:37+00:00,2024-08-26,2024-08,39,40548.0,2207.0,61.0,0.054429318338759004,what i do to unwind spotify organize,0.06195126763342212
UCCydBRF6RjrT58FV6KO-wwg,4CVrnrEmZWg,This one Hurts...,2024-08-24 13:00:03+00:00,2024-08-19,2024-08,17,111545.0,7300.0,958.0,0.0654444394638935,this one hurts,0.10838674974225648
UC8o7iVkV_VSjfTABCH1Sjhg,pJWwtmzd_C8,"May Speed Reviews | Lisa Eldridge, Elf, NYX, Clinique, Maybelline",2025-05-26 13:01:30+00:00,2025-05-26,2025-05,65,304.0,52.0,3.0,0.17105263157894737,may speed reviews  lisa eldridge elf nyx clinique maybelline,0.22039473684210525
UC8o7iVkV_VSjfTABCH1Sjhg,xylibjXGVjs,NEW from Salt New York #blush #saltnewyork,2025-05-22 13:01:49+00:00,2025-05-19,2025-05,42,1040.0,42.0,2.0,0.04038461538461539,new from salt new york blush saltnewyork,0.05
UC8o7iVkV_VSjfTABCH1Sjhg,AxHPp3jSqPw,Maybelline Falsies Lash Lift mascara review #mascaramonday,2025-05-19 13:00:17+00:00,2025-05-19,2025-05,58,1675.0,54.0,1.0,0.032238805970149255,maybelline falsies lash lift mascara review mascaramonday,0.03522388059701492
UC8o7iVkV_VSjfTABCH1Sjhg,P3uNgLGcw-I,The Best Glowy Blushes,2025-05-12 13:00:48+00:00,2025-05-12,2025-05,22,558.0,87.0,10.0,0.15591397849462366,the best glowy blushes,0.24551971326164876
UC8o7iVkV_VSjfTABCH1Sjhg,k0vxFVP4MEc,May Shop My Stash,2025-05-05 13:01:19+00:00,2025-05-05,2025-05,17,829.0,84.0,10.0,0.10132689987937274,may shop my stash,0.16164053075995174
UC8o7iVkV_VSjfTABCH1Sjhg,LgeQn7QymWg,April Speed Reviews | Lots of blush!,2025-04-28 13:00:28+00:00,2025-04-28,2025-04,36,485.0,69.0,13.0,0.1422680412371134,april speed reviews  lots of blush,0.27628865979381445
UC8o7iVkV_VSjfTABCH1Sjhg,l9Xt1J6-zi0,Lanc√¥me Lash Idole Mascara Review #mascaramonday #lanc√¥me,2025-04-21 13:01:31+00:00,2025-04-21,2025-04,57,718.0,24.0,0.0,0.033426183844011144,lanc√¥me lash idole mascara review mascaramonday lanc√¥me,0.033426183844011144
UC8o7iVkV_VSjfTABCH1Sjhg,-QK4t9Sl734,New Blushes at Sephora!,2025-04-14 19:17:54+00:00,2025-04-14,2025-04,23,660.0,78.0,13.0,0.11818181818181818,new blushes at sephora,0.21666666666666667
UC8o7iVkV_VSjfTABCH1Sjhg,emxEjzGEbM4,April Shop My Stash,2025-04-07 14:22:06+00:00,2025-04-07,2025-04,19,939.0,97.0,10.0,0.1033013844515442,april shop my stash,0.15654952076677317
UC8o7iVkV_VSjfTABCH1Sjhg,QELF7NkojTg,No Pan Left Behind Update,2025-03-24 13:00:43+00:00,2025-03-24,2025-03,25,482.0,78.0,4.0,0.16182572614107885,no pan left behind update,0.2033195020746888
UC8o7iVkV_VSjfTABCH1Sjhg,q1CMDUvttso,L‚ÄôOreal Double Extend tubing mascara review #mascaramonday #mascara #loreal,2025-03-24 12:01:20+00:00,2025-03-24,2025-03,75,1036.0,32.0,4.0,0.03088803088803089,loreal double extend tubing mascara review mascaramonday mascara loreal,0.05019305019305019
UC8o7iVkV_VSjfTABCH1Sjhg,751Wh3uRnjA,I love when brands bring back favorites!  Tarte Aspyn Ovard,2025-03-03 14:00:07+00:00,2025-03-03,2025-03,59,974.0,102.0,20.0,0.10472279260780287,i love when brands bring back favorites  tarte aspyn ovard,0.20739219712525667
UC8o7iVkV_VSjfTABCH1Sjhg,NFOkBxw8OmQ,February Round Up | Speed Reviews,2025-02-26 14:00:33+00:00,2025-02-24,2025-02,33,417.0,54.0,7.0,0.12949640287769784,february round up  speed reviews,0.21342925659472423
UC8o7iVkV_VSjfTABCH1Sjhg,fpGOMa2K5hY,Revlon So Fierce! Mascara Review #mascaramonday #revlon,2025-02-24 19:13:22+00:00,2025-02-24,2025-02,55,933.0,39.0,0.0,0.04180064308681672,revlon so fierce mascara review mascaramonday revlon,0.04180064308681672
UC8o7iVkV_VSjfTABCH1Sjhg,9ty62Akk2Bc,2025 Blush Collection,2025-02-12 14:00:22+00:00,2025-02-10,2025-02,21,724.0,68.0,8.0,0.09392265193370165,2025 blush collection,0.14917127071823205
UC8o7iVkV_VSjfTABCH1Sjhg,gSzI1AJ7E7A,2025 Makeup Inventory,2025-01-29 14:01:00+00:00,2025-01-27,2025-01,21,2509.0,250.0,22.0,0.0996412913511359,2025 makeup inventory,0.1434834595456357
UC8o7iVkV_VSjfTABCH1Sjhg,8x8YKWFz_vA,2025 Palette Tour,2025-01-21 14:00:08+00:00,2025-01-20,2025-01,17,1577.0,157.0,14.0,0.09955611921369689,2025 palette tour,0.1439441978440076
UC8o7iVkV_VSjfTABCH1Sjhg,6B6gAEv1nvc,No Pan Left Behind,2025-01-16 19:15:55+00:00,2025-01-13,2025-01,18,623.0,99.0,13.0,0.15890850722311398,no pan left behind,0.26324237560192615
UC8o7iVkV_VSjfTABCH1Sjhg,c8hcJhV36m0,A Cozy Little Declutter,2025-01-13 18:24:06+00:00,2025-01-13,2025-01,23,1147.0,142.0,9.0,0.12380122057541412,a cozy little declutter,0.16303400174367916
UC8o7iVkV_VSjfTABCH1Sjhg,9fheBcU6iSY,January Shop My Stash,2025-01-08 19:04:43+00:00,2025-01-06,2025-01,21,1032.0,117.0,9.0,0.11337209302325581,january shop my stash,0.1569767441860465
UC8o7iVkV_VSjfTABCH1Sjhg,nHb--K9J6KE,2024 Makeup Empties,2025-01-02 18:27:34+00:00,2024-12-30,2025-01,19,1084.0,128.0,14.0,0.11808118081180811,2024 makeup empties,0.18265682656826568
UC8o7iVkV_VSjfTABCH1Sjhg,3dXl_KTX8eI,Empties!,2024-12-26 14:00:04+00:00,2024-12-23,2024-12,8,666.0,82.0,8.0,0.12312312312312312,empties,0.1831831831831832
UC8o7iVkV_VSjfTABCH1Sjhg,nC21K153YCs,Winter Blush Cheek Swatches,2024-12-19 14:00:49+00:00,2024-12-16,2024-12,27,705.0,83.0,14.0,0.11773049645390071,winter blush cheek swatches,0.2170212765957447
UC8o7iVkV_VSjfTABCH1Sjhg,n3TtVlNXRPo,Ranking All the Mascaras I Tried This Year!,2024-12-16 14:00:57+00:00,2024-12-16,2024-12,43,490.0,57.0,8.0,0.11632653061224489,ranking all the mascaras i tried this year,0.19795918367346937
UC8o7iVkV_VSjfTABCH1Sjhg,-sZqwEvD7WQ,Project Level Up Finale,2024-12-11 14:00:00+00:00,2024-12-09,2024-12,23,535.0,71.0,2.0,0.13271028037383178,project level up finale,0.15140186915887852
UC8o7iVkV_VSjfTABCH1Sjhg,7k-J38XbMGw,Rolling Style Project Pan Finale!,2024-12-09 22:46:17+00:00,2024-12-09,2024-12,33,1704.0,188.0,16.0,0.11032863849765258,rolling style project pan finale,0.1572769953051643
UC8o7iVkV_VSjfTABCH1Sjhg,_IC5CBrawTo,FabFitFun Winter 2024 Box Unboxing,2024-11-30 14:00:36+00:00,2024-11-25,2024-11,34,1005.0,58.0,4.0,0.05771144278606965,fabfitfun winter 2024 box unboxing,0.07761194029850746
UC8o7iVkV_VSjfTABCH1Sjhg,d0CyJ3CorzU,L‚ÄôOr√©al Voluminous Superstar Mascara Review #mascaramonday,2024-11-25 14:00:39+00:00,2024-11-25,2024-11,58,1785.0,92.0,2.0,0.0515406162464986,lor√©al voluminous superstar mascara review mascaramonday,0.05714285714285714
UC8o7iVkV_VSjfTABCH1Sjhg,ZwtfsI4Qn0M,No Pan Left Behind Update 10,2024-11-20 23:11:42+00:00,2024-11-18,2024-11,28,589.0,83.0,5.0,0.14091680814940577,no pan left behind update 10,0.1833616298811545
UC8o7iVkV_VSjfTABCH1Sjhg,Q9myn3TYxxQ,Auric Mirage Daybreak Palette | First Impression,2024-11-11 18:58:01+00:00,2024-11-11,2024-11,48,1205.0,128.0,20.0,0.10622406639004149,auric mirage daybreak palette  first impression,0.1892116182572614
UC8o7iVkV_VSjfTABCH1Sjhg,Ht0MWz9HGfY,November Shop My Stash,2024-11-07 14:00:14+00:00,2024-11-04,2024-11,22,1208.0,127.0,19.0,0.10513245033112582,november shop my stash,0.1837748344370861
UC8o7iVkV_VSjfTABCH1Sjhg,Q70vH7d7hcg,Rolling Style Project Pan | November Update,2024-11-04 14:00:21+00:00,2024-11-04,2024-11,43,1498.0,155.0,5.0,0.10347129506008011,rolling style project pan  november update,0.12016021361815754
UC8o7iVkV_VSjfTABCH1Sjhg,fVLdqzndhU8,"October Speed Reviews | Urban Decay, ELF, Viseart, Revlon, MAC, and more!",2024-10-30 13:00:50+00:00,2024-10-28,2024-10,73,650.0,88.0,11.0,0.13538461538461538,october speed reviews  urban decay elf viseart revlon mac and more,0.22
UC8o7iVkV_VSjfTABCH1Sjhg,b-8EWyQkJ_I,Fall Blushes Part 2 | Cheek Swatches!,2024-10-24 13:00:44+00:00,2024-10-21,2024-10,37,535.0,85.0,6.0,0.1588785046728972,fall blushes part 2  cheek swatches,0.21495327102803738
UC8o7iVkV_VSjfTABCH1Sjhg,kxenXskFyv0,No Pan Left Behind | Update 9,2024-10-14 13:00:51+00:00,2024-10-14,2024-10,29,605.0,84.0,6.0,0.13884297520661157,no pan left behind  update 9,0.1884297520661157
UC8o7iVkV_VSjfTABCH1Sjhg,D0ZkL-7FTQI,Favorites in Every Category!,2024-10-10 21:31:27+00:00,2024-10-07,2024-10,28,1292.0,142.0,14.0,0.10990712074303406,favorites in every category,0.16408668730650156
UC8o7iVkV_VSjfTABCH1Sjhg,FXvmfqqCaQg,October Shop My Stash,2024-10-07 13:00:24+00:00,2024-10-07,2024-10,21,880.0,137.0,9.0,0.15568181818181817,october shop my stash,0.20681818181818182
UC8o7iVkV_VSjfTABCH1Sjhg,_ERa2RES4tc,"September Round Up | Maybelline, Fenty, Lisa Eldridge, Nabla, Tarte, Smashbox",2024-09-30 13:00:46+00:00,2024-09-30,2024-09,77,663.0,89.0,2.0,0.13423831070889894,september round up  maybelline fenty lisa eldridge nabla tarte smashbox,0.1493212669683258
UC8o7iVkV_VSjfTABCH1Sjhg,rDXk2Q9GsPU,Chatty GRWM | Feelings About Project Panning,2024-09-17 13:01:03+00:00,2024-09-16,2024-09,44,733.0,109.0,34.0,0.14870395634379263,chatty grwm  feelings about project panning,0.3806275579809004
UC8o7iVkV_VSjfTABCH1Sjhg,1UJJkkI_WkU,NEW Maybelline Firework Mascara #mascaramonday #maybelline,2024-09-16 13:00:05+00:00,2024-09-16,2024-09,58,4026.0,122.0,4.0,0.030303030303030304,new maybelline firework mascara mascaramonday maybelline,0.03527074018877298
UC8o7iVkV_VSjfTABCH1Sjhg,wfzU0CtUZWk,Roasty Toasty Blush Try On!,2024-09-12 13:01:08+00:00,2024-09-09,2024-09,27,669.0,92.0,8.0,0.1375186846038864,roasty toasty blush try on,0.19730941704035873
UC8o7iVkV_VSjfTABCH1Sjhg,JXEbFWcM0iA,Shop My Stash | September,2024-09-09 13:00:28+00:00,2024-09-09,2024-09,25,987.0,104.0,14.0,0.10536980749746708,shop my stash  september,0.1762917933130699
UC8o7iVkV_VSjfTABCH1Sjhg,IW1PqDDRGto,Rolling Style Project Pan | September Update,2024-09-06 15:44:02+00:00,2024-09-02,2024-09,44,2130.0,248.0,17.0,0.11643192488262911,rolling style project pan  september update,0.1563380281690141
UC8o7iVkV_VSjfTABCH1Sjhg,rReH5pfEwNY,Fall 2024 FabFitFun Unboxing,2024-09-02 13:00:53+00:00,2024-09-02,2024-09,28,348.0,44.0,4.0,0.12643678160919541,fall 2024 fabfitfun unboxing,0.1839080459770115
UC8o7iVkV_VSjfTABCH1Sjhg,63U98J17xRU,Maybelline Lash Sensational Mascara  Review #mascaramonday #maybelline,2024-08-19 13:00:09+00:00,2024-08-19,2024-08,70,24190.0,486.0,7.0,0.020090946672178586,maybelline lash sensational mascara  review mascaramonday maybelline,0.021537825547747004
UC8o7iVkV_VSjfTABCH1Sjhg,gu2U7OyVpKE,No Pan Left Behind | August Update,2024-08-15 13:00:47+00:00,2024-08-12,2024-08,34,630.0,89.0,11.0,0.14126984126984127,no pan left behind  august update,0.22857142857142856
UC1oUQyfySI5Gk-A1S1yMrVg,FE58rS5XO7s,I Finally *Perfected* The Everyday Makeup Look for Fair Skin,2025-04-27 20:07:33+00:00,2025-04-21,2025-04,60,2154.0,149.0,14.0,0.06917363045496751,i finally perfected the everyday makeup look for fair skin,0.10167130919220056
UC1oUQyfySI5Gk-A1S1yMrVg,4OB-KXUS4Ao,Let‚Äôs unbox my RMS beauty order üì¶,2025-04-21 23:46:37+00:00,2025-04-21,2025-04,33,1652.0,52.0,4.0,0.031476997578692496,lets unbox my rms beauty order ,0.043583535108958835
UC1oUQyfySI5Gk-A1S1yMrVg,quTLrTuVOaI,Sephora Sale Skincare Duo ü´ß,2025-04-09 21:01:30+00:00,2025-04-07,2025-04,27,599.0,10.0,0.0,0.01669449081803005,sephora sale skincare duo ,0.01669449081803005
UC1oUQyfySI5Gk-A1S1yMrVg,BejRwnPyR0I,Have you seen lipsticks this pretty before?,2025-04-01 19:19:15+00:00,2025-03-31,2025-04,43,2104.0,62.0,3.0,0.029467680608365018,have you seen lipsticks this pretty before,0.036596958174904944
UC1oUQyfySI5Gk-A1S1yMrVg,-C3sGx39t6c,Why Your Makeup Looks CAKEY and How To Fix It,2025-03-27 19:47:29+00:00,2025-03-24,2025-03,45,1547.0,132.0,34.0,0.08532643826761474,why your makeup looks cakey and how to fix it,0.19521654815772463
UC1oUQyfySI5Gk-A1S1yMrVg,YqgGIjex1bU,This SENSITIVE Skincare Routine Saved My Skin,2025-03-17 17:00:38+00:00,2025-03-17,2025-03,45,783.0,43.0,6.0,0.05491698595146871,this sensitive skincare routine saved my skin,0.09323116219667944
UC1oUQyfySI5Gk-A1S1yMrVg,vUfJZvqF9N8,Best Products to Make You *LOVE* Having Pale skin,2025-03-13 20:58:02+00:00,2025-03-10,2025-03,49,2929.0,200.0,24.0,0.06828269033799932,best products to make you love having pale skin,0.10925230454079891
UC1oUQyfySI5Gk-A1S1yMrVg,oNomDEoaEkA,I Wish I Knew About These Products WAY Sooner!,2025-03-06 22:02:58+00:00,2025-03-03,2025-03,46,2054.0,167.0,52.0,0.0813047711781889,i wish i knew about these products way sooner,0.20788704965920154
UC1oUQyfySI5Gk-A1S1yMrVg,Hmm1PhH4hDk,Which Of These New Makeup Launches Are The Best For Fair Skin?,2025-02-28 00:36:46+00:00,2025-02-24,2025-02,62,2059.0,140.0,26.0,0.06799417192812045,which of these new makeup launches are the best for fair skin,0.13113161728994657
UC1oUQyfySI5Gk-A1S1yMrVg,YLD1ZsvZ8yA,Do The New KOSAS Cloud Set Loose Powders Work for Fair Skin?,2025-02-19 23:20:33+00:00,2025-02-17,2025-02,60,1450.0,92.0,19.0,0.06344827586206897,do the new kosas cloud set loose powders work for fair skin,0.1289655172413793
UC1oUQyfySI5Gk-A1S1yMrVg,UMMcZAHXTZ8,RMS BEAUTY Redimension Hydra Blush Swatch Guide | Cheek Swatches on Pale Skin,2025-02-06 22:54:44+00:00,2025-02-03,2025-02,77,4497.0,231.0,45.0,0.0513675783855904,rms beauty redimension hydra blush swatch guide  cheek swatches on pale skin,0.10140093395597065
UC1oUQyfySI5Gk-A1S1yMrVg,vRAKNwEDL-E,*EASY* Everyday Makeup for Fair Skin That Boosts My Confidence,2025-01-22 23:56:59+00:00,2025-01-20,2025-01,62,3149.0,200.0,23.0,0.06351222610352493,easy everyday makeup for fair skin that boosts my confidence,0.10003175611305176
UC1oUQyfySI5Gk-A1S1yMrVg,mFEu0TRfo6Y,Why Your Makeup Looks FLAT and How To Fix It | Fair Skin Makeup Techniques,2025-01-09 00:23:53+00:00,2025-01-06,2025-01,74,3942.0,231.0,15.0,0.05859969558599695,why your makeup looks flat and how to fix it  fair skin makeup techniques,0.0776255707762557
UC1oUQyfySI5Gk-A1S1yMrVg,o3LSCmSGQPM,"Top 10 NON-ORANGE Bronzers of 2024 for Fair, Olive, Cool Undertones",2024-12-11 22:54:25+00:00,2024-12-09,2024-12,67,4845.0,256.0,30.0,0.05283797729618163,top 10 nonorange bronzers of 2024 for fair olive cool undertones,0.08379772961816305
UC1oUQyfySI5Gk-A1S1yMrVg,9Z6R_gG93mU,Best COOL TONED Nude Lip Combos for Everyday üíÑ,2024-12-09 21:07:21+00:00,2024-12-09,2024-12,46,4457.0,305.0,7.0,0.06843168050258021,best cool toned nude lip combos for everyday ,0.07628449629795826
UC1oUQyfySI5Gk-A1S1yMrVg,luiHmvqc_Mg,Ultimate COOL TONED Nude Lip Combo Guide | 24+ Products Lip Swatched,2024-11-29 22:09:26+00:00,2024-11-25,2024-11,68,8534.0,485.0,51.0,0.05683149753925475,ultimate cool toned nude lip combo guide  24 products lip swatched,0.08671197562690415
UC1oUQyfySI5Gk-A1S1yMrVg,xrUlMYvk4k8,Watch BEFORE You BUY | Black Friday Beauty Sales ACTUALLY Worth Shopping,2024-11-22 22:09:06+00:00,2024-11-18,2024-11,72,1087.0,67.0,5.0,0.061637534498620056,watch before you buy  black friday beauty sales actually worth shopping,0.08463661453541858
UC1oUQyfySI5Gk-A1S1yMrVg,vvkYafWXCos,The BEST Cool Toned Tinted Lip Balms | Naturium Phyto Glow Swatches,2024-11-16 21:22:26+00:00,2024-11-11,2024-11,67,7578.0,340.0,11.0,0.044866719451042494,the best cool toned tinted lip balms  naturium phyto glow swatches,0.05212457112694643
UC1oUQyfySI5Gk-A1S1yMrVg,udWx0RdoL1w,Are The New RMS Beauty Legendary Lip Oils The Perfect Everyday Lip Formula?,2024-10-25 17:53:54+00:00,2024-10-21,2024-10,75,4200.0,132.0,19.0,0.03142857142857143,are the new rms beauty legendary lip oils the perfect everyday lip formula,0.054047619047619046
UC1oUQyfySI5Gk-A1S1yMrVg,s2fUVmT2Z6k,"The BEST Highlighters for Pale, Cool Toned, and Olive Skin",2024-10-10 21:58:38+00:00,2024-10-07,2024-10,58,3477.0,200.0,25.0,0.057520851308599366,the best highlighters for pale cool toned and olive skin,0.09347138337647397
UC1oUQyfySI5Gk-A1S1yMrVg,8GHd_LODDm4,Everyday Makeup for Fair Skin That Boosts My Confidence,2024-10-04 17:55:24+00:00,2024-09-30,2024-10,55,6436.0,348.0,37.0,0.054070851460534496,everyday makeup for fair skin that boosts my confidence,0.08281541330018645
UC1oUQyfySI5Gk-A1S1yMrVg,rk-HTRhdgAs,How To *Perfect* Fair Skin Makeup for Fall | Best Products + Top Tips,2024-09-20 18:00:35+00:00,2024-09-16,2024-09,69,2953.0,230.0,23.0,0.07788689468337284,how to perfect fair skin makeup for fall  best products  top tips,0.11683034202505926
UC1oUQyfySI5Gk-A1S1yMrVg,aSDAMg3bkUM,5 BEST FAIR SKIN MAKEUP PRODUCTS,2024-08-23 23:01:05+00:00,2024-08-19,2024-08,32,15137.0,1487.0,26.0,0.09823611019356543,5 best fair skin makeup products,0.10682433771553147
UC1oUQyfySI5Gk-A1S1yMrVg,uHaH3EIrPXw,TOP 5 Fair Skin Drugstore Makeup Products,2024-08-23 01:00:26+00:00,2024-08-19,2024-08,41,2591.0,203.0,18.0,0.07834812813585489,top 5 fair skin drugstore makeup products,0.11308375144731764
UC1oUQyfySI5Gk-A1S1yMrVg,xFM60I1L4yc,The prettiest highlighters üòç Whatsup Beauty Serengeti Collection,2024-08-17 22:02:36+00:00,2024-08-12,2024-08,64,2061.0,103.0,2.0,0.04997573993207181,the prettiest highlighters  whatsup beauty serengeti collection,0.05482775351770985
UC1oUQyfySI5Gk-A1S1yMrVg,nu04stPuF9o,Trying the PURPLE BLUSH from FENTY BEAUTY #fentybeauty #makeupshorts,2024-08-16 21:39:30+00:00,2024-08-12,2024-08,68,16860.0,629.0,12.0,0.037307236061684464,trying the purple blush from fenty beauty fentybeauty makeupshorts,0.040865954922894424
UCYZWJNRMEkRzJ8CIrt7RXnw,mkhZHK3LIGk,48 hours in new york,2025-02-16 17:52:55+00:00,2025-02-10,2025-02,20,21254.0,574.0,17.0,0.027006681095323233,48 hours in new york,0.031005928295850194
UCYZWJNRMEkRzJ8CIrt7RXnw,V7j48Zp9TFg,a week in toronto!,2025-02-10 20:57:54+00:00,2025-02-10,2025-02,18,28470.0,614.0,29.0,0.02156656129258869,a week in toronto,0.02665964172813488
UCYZWJNRMEkRzJ8CIrt7RXnw,BGnL55VLpuM,Everyday makeup routine just went live ü§é #makeuproutine #beautysecrets #makeuptutorial,2025-01-28 21:44:05+00:00,2025-01-27,2025-01,86,2370.0,437.0,2.0,0.18438818565400844,everyday makeup routine just went live  makeuproutine beautysecrets makeuptutorial,0.18860759493670887
UCYZWJNRMEkRzJ8CIrt7RXnw,hmvEwoM1ALw,beauty secrets: everyday makeup routine!,2025-01-28 18:33:16+00:00,2025-01-27,2025-01,40,12459.0,405.0,9.0,0.032506621719239105,beauty secrets everyday makeup routine,0.036118468576932336
UCYZWJNRMEkRzJ8CIrt7RXnw,31L0rgS0lX8,"a cozy winter home vlog ü§é gift wrapping, cooking, and holiday prep!",2024-12-24 15:54:18+00:00,2024-12-23,2024-12,67,18977.0,532.0,18.0,0.028033935817041684,a cozy winter home vlog  gift wrapping cooking and holiday prep,0.032776518943984825
UCYZWJNRMEkRzJ8CIrt7RXnw,_e9ly0brMQI,emma in paris! episode 4: 28th birthday weekend,2024-10-24 14:52:52+00:00,2024-10-21,2024-10,47,24719.0,672.0,31.0,0.02718556575913265,emma in paris episode 4 28th birthday weekend,0.03345604595655164
UCYZWJNRMEkRzJ8CIrt7RXnw,Nh-fdjJppqQ,emma in paris! episode 3: a trip to saint-tropez with jimmy choo,2024-10-11 15:22:17+00:00,2024-10-07,2024-10,64,22554.0,638.0,21.0,0.02828766515917354,emma in paris episode 3 a trip to sainttropez with jimmy choo,0.032943158641482666
UCYZWJNRMEkRzJ8CIrt7RXnw,KqlPw-tEyAA,summer camping vlog üå≤ü™µüåº,2024-07-23 04:34:32+00:00,2024-07-22,2024-07,23,21521.0,851.0,38.0,0.039542772176014124,summer camping vlog ,0.048371358208261696
UCYZWJNRMEkRzJ8CIrt7RXnw,Qg02upF5iss,saint-tropez girls trip! üå¥,2024-07-03 18:19:04+00:00,2024-07-01,2024-07,26,58437.0,1255.0,33.0,0.021476119581771824,sainttropez girls trip ,0.024299673152283655
UCYZWJNRMEkRzJ8CIrt7RXnw,QZ7wjpv9PMk,vlog: things I do to prep for a trip!,2024-06-19 00:44:18+00:00,2024-06-17,2024-06,37,21903.0,681.0,25.0,0.031091631283385837,vlog things i do to prep for a trip,0.036798612062274576
UCYZWJNRMEkRzJ8CIrt7RXnw,IKwVWxFTkxU,cannes film festival 2024,2024-06-07 21:59:08+00:00,2024-06-03,2024-06,25,18770.0,497.0,15.0,0.026478423015450187,cannes film festival 2024,0.030474160895045285
UCYZWJNRMEkRzJ8CIrt7RXnw,Si_JzqD4m34,a day in my life at home,2024-04-10 01:11:45+00:00,2024-04-08,2024-04,24,22020.0,578.0,28.0,0.026248864668483196,a day in my life at home,0.032606721162579476
UCYZWJNRMEkRzJ8CIrt7RXnw,HGUKOvX_J5g,a week in los angeles with dior beauty,2024-03-29 21:23:36+00:00,2024-03-25,2024-03,38,23015.0,557.0,13.0,0.024201607647186617,a week in los angeles with dior beauty,0.027025852704757766
UCYZWJNRMEkRzJ8CIrt7RXnw,rVkUNmMttu8,my current everyday makeup!,2024-02-05 03:35:43+00:00,2024-02-05,2024-02,27,11284.0,380.0,9.0,0.033676001417936904,my current everyday makeup,0.03766394895427153
UCYZWJNRMEkRzJ8CIrt7RXnw,ixRLqsTair0,a weekend in toronto,2024-01-30 19:00:25+00:00,2024-01-29,2024-01,20,28555.0,649.0,18.0,0.022728068639467695,a weekend in toronto,0.025879880931535634
UCYZWJNRMEkRzJ8CIrt7RXnw,8oEPPpcw69U,emma in paris: 3 days in the city,2024-01-11 16:42:54+00:00,2024-01-08,2024-01,33,40587.0,899.0,29.0,0.0221499494912164,emma in paris 3 days in the city,0.02572252198979969
UCYZWJNRMEkRzJ8CIrt7RXnw,t4XVOuS62Zg,a week in saint-tropez,2023-07-25 18:05:05+00:00,2023-07-24,2023-07,22,53486.0,958.0,48.0,0.017911229106682122,a week in sainttropez,0.02239838462401376
UCYZWJNRMEkRzJ8CIrt7RXnw,SWx-hFIxnnw,MY APARTMENT TOUR! | Emma Rose,2023-02-03 20:23:21+00:00,2023-01-30,2023-02,30,110406.0,2988.0,120.0,0.027063746535514376,my apartment tour  emma rose,0.03249823379164176
UCYZWJNRMEkRzJ8CIrt7RXnw,0_78J9pCYA0,MY EVERYDAY MAKEUP | Emma Rose,2022-11-11 20:41:18+00:00,2022-11-07,2022-11,30,17716.0,461.0,17.0,0.026021675321743057,my everyday makeup  emma rose,0.030819598103409347
UCYZWJNRMEkRzJ8CIrt7RXnw,hty6zf0Ag7U,ASPEN VLOG! | Emma Rose,2022-11-07 22:31:10+00:00,2022-11-07,2022-11,23,32234.0,805.0,41.0,0.024973630328224857,aspen vlog  emma rose,0.031333374697524355
UCYZWJNRMEkRzJ8CIrt7RXnw,IC1qk78AcGY,26th BIRTHDAY VLOG! Weekend in LA | Emma Rose,2022-10-26 23:16:30+00:00,2022-10-24,2022-10,45,29728.0,791.0,21.0,0.026607911733046285,26th birthday vlog weekend in la  emma rose,0.030139935414424113
UCYZWJNRMEkRzJ8CIrt7RXnw,F4eY4aZq2fI,New York Fashion Week 2022 | Emma Rose,2022-09-18 22:00:33+00:00,2022-09-12,2022-09,38,44146.0,1068.0,54.0,0.024192452317310743,new york fashion week 2022  emma rose,0.030308521723372447
UC2AVZHGr2qoV_1E1XExtbLw,HiRSf3RkPpI,best feeling is doing skincare at the end of the dayü´ßü©µüåô @clarins  #doubleserum #clarinspartner,2025-03-12 00:16:42+00:00,2025-03-10,2025-03,94,7035.0,640.0,5.0,0.09097370291400142,best feeling is doing skincare at the end of the day clarins  doubleserum clarinspartner,0.0945273631840796
UC2AVZHGr2qoV_1E1XExtbLw,umUwdXjwJ2Q,decorating for christmas! üéÑüéÄ‚òÉÔ∏è VLOG,2024-11-18 18:57:17+00:00,2024-11-18,2024-11,35,144973.0,6206.0,188.0,0.04280797113945355,decorating for christmas  vlog,0.04929193711932567
UC2AVZHGr2qoV_1E1XExtbLw,svd5uRk7XsE,i found my dream wedding dress! VLOG,2024-09-12 16:36:13+00:00,2024-09-09,2024-09,36,273501.0,12918.0,377.0,0.04723200280803361,i found my dream wedding dress vlog,0.054124116548019935
UC2AVZHGr2qoV_1E1XExtbLw,N17arq0Ul_o,it‚Äôs beginning to feel like FALL üçÇ‚òïÔ∏èü§ç VLOG,2024-08-30 22:36:54+00:00,2024-08-26,2024-08,42,121631.0,6377.0,154.0,0.05242906824740403,its beginning to feel like fall  vlog,0.05875969119714546
UC2AVZHGr2qoV_1E1XExtbLw,nGrPX45b16s,a weekend with my family üíõ,2024-08-02 15:06:54+00:00,2024-07-29,2024-08,26,190502.0,8804.0,220.0,0.04621473790301414,a weekend with my family ,0.05198895549653022
UC2AVZHGr2qoV_1E1XExtbLw,7vzI4V3KgNk,our new puppy + engagement photos | VLOG,2024-05-20 21:55:04+00:00,2024-05-20,2024-05,40,141918.0,7020.0,156.0,0.04946518412040756,our new puppy  engagement photos  vlog,0.05496131568934173
UC2AVZHGr2qoV_1E1XExtbLw,N7-l_WD3F20,WEEKLY VLOG | bff coffee date + night routine,2024-04-30 16:11:19+00:00,2024-04-29,2024-04,45,191957.0,8489.0,287.0,0.04422344587589929,weekly vlog  bff coffee date  night routine,0.051699078439442166
UC2AVZHGr2qoV_1E1XExtbLw,50GGBfI_xyc,HE PROPOSED! üíç,2024-02-16 00:54:16+00:00,2024-02-12,2024-02,14,383070.0,32078.0,1664.0,0.08373926436421542,he proposed ,0.10545853238311535
UC2AVZHGr2qoV_1E1XExtbLw,mvtbUvf3sW8,Love a good üçë day!!!!! Workout set is alphalete code Claudia for 10% off ü´∂üèªü´∂üèªü´∂üèª,2024-01-28 17:53:17+00:00,2024-01-22,2024-01,79,84554.0,3316.0,31.0,0.0392175414527994,love a good  day workout set is alphalete code claudia for 10 off ,0.041050689500201056
UC2AVZHGr2qoV_1E1XExtbLw,1TM8L6YGNYo,New alphalete drop is live!!!! Code Claudia üíú‚ö°Ô∏è,2024-01-27 18:18:39+00:00,2024-01-22,2024-01,47,40184.0,1139.0,18.0,0.028344614772048575,new alphalete drop is live code claudia ,0.03058431216404539
UC2AVZHGr2qoV_1E1XExtbLw,Fpxh5bBPZ3o,a very cozy vlog at home...ü§ç‚òïÔ∏èüåßÔ∏è,2024-01-18 23:20:29+00:00,2024-01-15,2024-01,32,139415.0,7325.0,205.0,0.052540974787504933,a very cozy vlog at home,0.05989312484309436
UC2AVZHGr2qoV_1E1XExtbLw,yI5FMyRG590,a romantic trip to NYC *vlog*,2023-12-29 16:15:41+00:00,2023-12-25,2023-12,29,125477.0,5820.0,105.0,0.046383002462602706,a romantic trip to nyc vlog,0.05056703618989934
UC2AVZHGr2qoV_1E1XExtbLw,V0SVCh9OOsg,the most relaxing night time routine ü´ß‚ú® VLOG,2023-11-09 21:11:58+00:00,2023-11-06,2023-11,44,144465.0,6496.0,213.0,0.044965908697608414,the most relaxing night time routine  vlog,0.05233793652441768
UC2AVZHGr2qoV_1E1XExtbLw,R_Gro6l6Tc4,A cozy fall day VLOG,2023-10-17 14:28:38+00:00,2023-10-16,2023-10,20,190360.0,8364.0,246.0,0.04393780205925615,a cozy fall day vlog,0.05039924353855852
UC2AVZHGr2qoV_1E1XExtbLw,OXnHaZD6kKg,NEW ALPHALETE Amplify Contour Launch | HIT OR MISS?,2023-09-23 13:31:02+00:00,2023-09-18,2023-09,51,83511.0,2883.0,98.0,0.03452239824693753,new alphalete amplify contour launch  hit or miss,0.040389888757169715
UC2AVZHGr2qoV_1E1XExtbLw,kD_aiZr9A34,decorating our new house for FALL! | VLOG,2023-09-13 21:18:55+00:00,2023-09-11,2023-09,41,126704.0,7227.0,179.0,0.05703845182472535,decorating our new house for fall  vlog,0.06410215936355601
UC2AVZHGr2qoV_1E1XExtbLw,Tp6b1no1fr0,fall is in the air!!!! VLOG,2023-09-04 19:24:30+00:00,2023-09-04,2023-09,27,178510.0,8750.0,280.0,0.04901686180045936,fall is in the air vlog,0.05685955968853285
UC2AVZHGr2qoV_1E1XExtbLw,WLLZBKH0JYI,home gym reveal! VLOG,2023-08-26 21:45:56+00:00,2023-08-21,2023-08,21,184523.0,9525.0,254.0,0.05161958129880828,home gym reveal vlog,0.058502192138649385
UC2AVZHGr2qoV_1E1XExtbLw,ApK9fmOEbjI,what it‚Äôs like living together‚Ä¶,2023-07-12 19:41:12+00:00,2023-07-10,2023-07,31,313070.0,12877.0,296.0,0.04113137636950203,what its like living together,0.04585875363337273
UC2AVZHGr2qoV_1E1XExtbLw,C2rFW61r470,a productive morning + decorating the house,2023-06-16 15:34:37+00:00,2023-06-12,2023-06,43,209100.0,9631.0,234.0,0.04605930176948828,a productive morning  decorating the house,0.0516547106647537
UC2AVZHGr2qoV_1E1XExtbLw,P5Ez7JNXyvk,decorating the house + life updates!,2023-05-29 21:33:38+00:00,2023-05-29,2023-05,36,255665.0,11724.0,333.0,0.04585688303052823,decorating the house  life updates,0.05236931140359455
UC2AVZHGr2qoV_1E1XExtbLw,wrK5S-WdYHI,first vlog living in the new house!,2023-04-27 21:04:37+00:00,2023-04-24,2023-04,35,297372.0,15491.0,480.0,0.05209300135856772,first vlog living in the new house,0.060163700684664326
UC2AVZHGr2qoV_1E1XExtbLw,Ce70ik4lR4Y,EMPTY HOUSE TOUR! ü§ç,2023-04-10 20:59:22+00:00,2023-04-10,2023-04,19,319441.0,20951.0,925.0,0.06558644632342123,empty house tour ,0.08006486330809132
UC2AVZHGr2qoV_1E1XExtbLw,OET-THCShJY,ALPHALETE SPRING LAUNCH 2023,2023-04-05 22:17:29+00:00,2023-04-03,2023-04,28,133413.0,3687.0,104.0,0.02763598749747026,alphalete spring launch 2023,0.03153365863896322
